source_file,page_num,accepted,reason,original_avg_confidence,candidate_avg_confidence,original_char_count,candidate_char_count,elapsed_s,error
"先进燃气轮机燃烧室=ADVANCED GAS TURBINE COMBUSTOR (金如山，索建秦著) (z-library.sk, 1lib.sk, z-lib.sk).pdf",151,True,confidence_improved,0.4144,0.61,5430,4525,8.913,
"先进燃气轮机燃烧室=ADVANCED GAS TURBINE COMBUSTOR (金如山，索建秦著) (z-library.sk, 1lib.sk, z-lib.sk).pdf",181,False,candidate_lost_too_much_text,0.2834,0.7631,9141,537,2.258,
"先进燃气轮机燃烧室=ADVANCED GAS TURBINE COMBUSTOR (金如山，索建秦著) (z-library.sk, 1lib.sk, z-lib.sk).pdf",381,False,candidate_lost_too_much_text,0.3902,0.7227,13934,755,3.218,
"先进燃气轮机燃烧室=ADVANCED GAS TURBINE COMBUSTOR (金如山，索建秦著) (z-library.sk, 1lib.sk, z-lib.sk).pdf",393,False,candidate_lost_too_much_text,0.3468,0.7436,11236,544,2.63,
"先进燃气轮机燃烧室=ADVANCED GAS TURBINE COMBUSTOR (金如山，索建秦著) (z-library.sk, 1lib.sk, z-lib.sk).pdf",396,False,candidate_lost_too_much_text,0.427,0.5638,442,199,2.445,
"先进燃气轮机燃烧室=ADVANCED GAS TURBINE COMBUSTOR (金如山，索建秦著) (z-library.sk, 1lib.sk, z-lib.sk).pdf",562,False,candidate_lost_too_much_text,0.3708,0.7005,3350,261,2.024,
"大型燃气-蒸汽联合循环电厂培训教材 M701F燃气轮机汽轮机分册 (深圳能源集团月亮湾燃机电厂，中国电机工程学会燃气轮机发电专业委员会编 etc.) (z-library.sk, 1lib.sk, z-lib.sk).pdf",27,False,candidate_lost_too_much_text,0.4336,0.8306,451,232,8.415,
"大型燃气-蒸汽联合循环电厂培训教材 M701F燃气轮机汽轮机分册 (深圳能源集团月亮湾燃机电厂，中国电机工程学会燃气轮机发电专业委员会编 etc.) (z-library.sk, 1lib.sk, z-lib.sk).pdf",301,False,confidence_not_improved_enough,0.401,0.3275,44,159,2.375,
"大型燃气-蒸汽联合循环电厂培训教材 M701F燃气轮机汽轮机分册 (深圳能源集团月亮湾燃机电厂，中国电机工程学会燃气轮机发电专业委员会编 etc.) (z-library.sk, 1lib.sk, z-lib.sk).pdf",365,False,candidate_lost_too_much_text,0.2991,0.7269,7686,510,2.286,
"大型燃气-蒸汽联合循环电厂培训教材 M701F燃气轮机汽轮机分册 (深圳能源集团月亮湾燃机电厂，中国电机工程学会燃气轮机发电专业委员会编 etc.) (z-library.sk, 1lib.sk, z-lib.sk).pdf",368,False,candidate_lost_too_much_text,0.4295,0.6791,1071,10,0.977,
"大型燃气-蒸汽联合循环电厂培训教材 M701F燃气轮机汽轮机分册 (深圳能源集团月亮湾燃机电厂，中国电机工程学会燃气轮机发电专业委员会编 etc.) (z-library.sk, 1lib.sk, z-lib.sk).pdf",369,False,candidate_lost_too_much_text,0.3705,0.6024,817,164,1.153,
"大型燃气-蒸汽联合循环电厂培训教材 M701F燃气轮机汽轮机分册 (深圳能源集团月亮湾燃机电厂，中国电机工程学会燃气轮机发电专业委员会编 etc.) (z-library.sk, 1lib.sk, z-lib.sk).pdf",375,True,confidence_improved,0.3692,0.431,185,218,1.517,
"大型燃气-蒸汽联合循环电厂培训教材 M701F燃气轮机汽轮机分册 (深圳能源集团月亮湾燃机电厂，中国电机工程学会燃气轮机发电专业委员会编 etc.) (z-library.sk, 1lib.sk, z-lib.sk).pdf",379,False,confidence_not_improved_enough,0.4481,0.4051,426,405,3.062,
"大型燃气-蒸汽联合循环电厂培训教材 M701F燃气轮机汽轮机分册 (深圳能源集团月亮湾燃机电厂，中国电机工程学会燃气轮机发电专业委员会编 etc.) (z-library.sk, 1lib.sk, z-lib.sk).pdf",384,True,confidence_improved,0.4219,0.4484,46,215,1.403,
"大型燃气-蒸汽联合循环电厂培训教材 M701F燃气轮机汽轮机分册 (深圳能源集团月亮湾燃机电厂，中国电机工程学会燃气轮机发电专业委员会编 etc.) (z-library.sk, 1lib.sk, z-lib.sk).pdf",387,True,confidence_improved,0.4019,0.4744,152,153,1.664,
"大型燃气-蒸汽联合循环电厂培训教材 M701F燃气轮机汽轮机分册 (深圳能源集团月亮湾燃机电厂，中国电机工程学会燃气轮机发电专业委员会编 etc.) (z-library.sk, 1lib.sk, z-lib.sk).pdf",397,False,confidence_not_improved_enough,0.4227,0.4294,142,159,1.486,
"大型燃气-蒸汽联合循环电厂培训教材 M701F燃气轮机汽轮机分册 (深圳能源集团月亮湾燃机电厂，中国电机工程学会燃气轮机发电专业委员会编 etc.) (z-library.sk, 1lib.sk, z-lib.sk).pdf",404,False,candidate_lost_too_much_text,0.4326,0.504,550,35,0.887,
"大型燃气-蒸汽联合循环电厂培训教材 M701F燃气轮机汽轮机分册 (深圳能源集团月亮湾燃机电厂，中国电机工程学会燃气轮机发电专业委员会编 etc.) (z-library.sk, 1lib.sk, z-lib.sk).pdf",405,False,confidence_not_improved_enough,0.4055,0.3944,650,3091,2.197,
"燃气涡轮发动机燃烧 第3版 (（英）A.H.勒菲沃（Arthur etc.) (z-library.sk, 1lib.sk, z-lib.sk).pdf",344,False,candidate_lost_too_much_text,0.3658,0.7459,19245,796,40.897,
"燃气涡轮发动机燃烧 第3版 (（英）A.H.勒菲沃（Arthur etc.) (z-library.sk, 1lib.sk, z-lib.sk).pdf",421,False,candidate_lost_too_much_text,0.3621,0.7029,906,451,2.342,
"燃气涡轮发动机燃烧 第3版 (（英）A.H.勒菲沃（Arthur etc.) (z-library.sk, 1lib.sk, z-lib.sk).pdf",423,True,confidence_improved,0.4308,0.6619,2312,7676,3.814,
"燃气蒸汽轮机动力装置热工基础 (清华大学燃气轮机教研组) (z-library.sk, 1lib.sk, z-lib.sk).pdf",2,False,confidence_not_improved_enough,0.3005,0.2815,10512,17305,13.471,
"燃气蒸汽轮机动力装置热工基础 (清华大学燃气轮机教研组) (z-library.sk, 1lib.sk, z-lib.sk).pdf",8,True,confidence_improved,0.3563,0.3808,121,112,1.261,
"燃气蒸汽轮机动力装置热工基础 (清华大学燃气轮机教研组) (z-library.sk, 1lib.sk, z-lib.sk).pdf",12,False,candidate_lost_too_much_text,0.2971,0.354,9428,630,3.851,
"燃气蒸汽轮机动力装置热工基础 (清华大学燃气轮机教研组) (z-library.sk, 1lib.sk, z-lib.sk).pdf",13,True,confidence_improved,0.3283,0.3486,905,631,3.634,
"燃气蒸汽轮机动力装置热工基础 (清华大学燃气轮机教研组) (z-library.sk, 1lib.sk, z-lib.sk).pdf",14,False,confidence_not_improved_enough,0.3372,0.3126,651,682,4.432,
"燃气蒸汽轮机动力装置热工基础 (清华大学燃气轮机教研组) (z-library.sk, 1lib.sk, z-lib.sk).pdf",15,True,confidence_improved,0.4028,0.4281,546,656,3.397,
"燃气蒸汽轮机动力装置热工基础 (清华大学燃气轮机教研组) (z-library.sk, 1lib.sk, z-lib.sk).pdf",16,False,confidence_not_improved_enough,0.4225,0.3989,311,694,3.524,
"燃气蒸汽轮机动力装置热工基础 (清华大学燃气轮机教研组) (z-library.sk, 1lib.sk, z-lib.sk).pdf",17,False,confidence_not_improved_enough,0.3252,0.3263,617,583,3.877,
"燃气蒸汽轮机动力装置热工基础 (清华大学燃气轮机教研组) (z-library.sk, 1lib.sk, z-lib.sk).pdf",18,False,confidence_not_improved_enough,0.3763,0.3005,56,821,5.402,
"燃气蒸汽轮机动力装置热工基础 (清华大学燃气轮机教研组) (z-library.sk, 1lib.sk, z-lib.sk).pdf",21,False,candidate_lost_too_much_text,0.4442,0.3503,6602,590,4.096,
"燃气蒸汽轮机动力装置热工基础 (清华大学燃气轮机教研组) (z-library.sk, 1lib.sk, z-lib.sk).pdf",22,False,confidence_not_improved_enough,0.3471,0.3351,630,645,4.135,
"燃气蒸汽轮机动力装置热工基础 (清华大学燃气轮机教研组) (z-library.sk, 1lib.sk, z-lib.sk).pdf",23,True,confidence_improved,0.2936,0.3457,121,5907,4.985,
"燃气蒸汽轮机动力装置热工基础 (清华大学燃气轮机教研组) (z-library.sk, 1lib.sk, z-lib.sk).pdf",24,False,confidence_not_improved_enough,0.3622,0.3219,52,897,5.158,
"燃气蒸汽轮机动力装置热工基础 (清华大学燃气轮机教研组) (z-library.sk, 1lib.sk, z-lib.sk).pdf",25,True,confidence_improved,0.2727,0.3297,740,666,4.339,
"燃气蒸汽轮机动力装置热工基础 (清华大学燃气轮机教研组) (z-library.sk, 1lib.sk, z-lib.sk).pdf",26,True,confidence_improved,0.3474,0.4304,369,804,4.936,
"燃气蒸汽轮机动力装置热工基础 (清华大学燃气轮机教研组) (z-library.sk, 1lib.sk, z-lib.sk).pdf",29,False,confidence_not_improved_enough,0.399,0.3541,378,479,3.346,
"燃气蒸汽轮机动力装置热工基础 (清华大学燃气轮机教研组) (z-library.sk, 1lib.sk, z-lib.sk).pdf",30,False,confidence_not_improved_enough,0.4106,0.4169,311,492,3.188,
"燃气蒸汽轮机动力装置热工基础 (清华大学燃气轮机教研组) (z-library.sk, 1lib.sk, z-lib.sk).pdf",31,False,confidence_not_improved_enough,0.4257,0.4114,426,422,3.654,
"燃气蒸汽轮机动力装置热工基础 (清华大学燃气轮机教研组) (z-library.sk, 1lib.sk, z-lib.sk).pdf",35,False,confidence_not_improved_enough,0.4365,0.3383,332,540,3.626,
"燃气蒸汽轮机动力装置热工基础 (清华大学燃气轮机教研组) (z-library.sk, 1lib.sk, z-lib.sk).pdf",36,False,confidence_not_improved_enough,0.3811,0.3654,403,525,3.874,
"燃气蒸汽轮机动力装置热工基础 (清华大学燃气轮机教研组) (z-library.sk, 1lib.sk, z-lib.sk).pdf",37,False,candidate_lost_too_much_text,0.3782,0.4346,5182,543,3.353,
"燃气蒸汽轮机动力装置热工基础 (清华大学燃气轮机教研组) (z-library.sk, 1lib.sk, z-lib.sk).pdf",43,True,confidence_improved,0.3999,0.4408,308,684,4.294,
"燃气蒸汽轮机动力装置热工基础 (清华大学燃气轮机教研组) (z-library.sk, 1lib.sk, z-lib.sk).pdf",44,False,confidence_not_improved_enough,0.4094,0.3162,140,471,3.58,
"燃气蒸汽轮机动力装置热工基础 (清华大学燃气轮机教研组) (z-library.sk, 1lib.sk, z-lib.sk).pdf",45,False,confidence_not_improved_enough,0.4489,0.4121,1097,7596,3.599,
"燃气蒸汽轮机动力装置热工基础 (清华大学燃气轮机教研组) (z-library.sk, 1lib.sk, z-lib.sk).pdf",46,False,confidence_not_improved_enough,0.3226,0.3212,376,647,5.206,
"燃气蒸汽轮机动力装置热工基础 (清华大学燃气轮机教研组) (z-library.sk, 1lib.sk, z-lib.sk).pdf",47,True,confidence_improved,0.4455,0.5267,559,449,3.247,
"燃气蒸汽轮机动力装置热工基础 (清华大学燃气轮机教研组) (z-library.sk, 1lib.sk, z-lib.sk).pdf",48,False,candidate_lost_too_much_text,0.3931,0.3386,1907,729,4.837,
"燃气蒸汽轮机动力装置热工基础 (清华大学燃气轮机教研组) (z-library.sk, 1lib.sk, z-lib.sk).pdf",50,False,candidate_lost_too_much_text,0.4358,0.3604,2461,593,3.56,
"燃气蒸汽轮机动力装置热工基础 (清华大学燃气轮机教研组) (z-library.sk, 1lib.sk, z-lib.sk).pdf",52,False,candidate_lost_too_much_text,0.3932,0.3647,4738,545,3.305,
"燃气蒸汽轮机动力装置热工基础 (清华大学燃气轮机教研组) (z-library.sk, 1lib.sk, z-lib.sk).pdf",53,False,confidence_not_improved_enough,0.3209,0.3118,272,713,4.575,
"燃气蒸汽轮机动力装置热工基础 (清华大学燃气轮机教研组) (z-library.sk, 1lib.sk, z-lib.sk).pdf",54,False,confidence_not_improved_enough,0.3564,0.3214,196,746,4.905,
"燃气蒸汽轮机动力装置热工基础 (清华大学燃气轮机教研组) (z-library.sk, 1lib.sk, z-lib.sk).pdf",56,False,confidence_not_improved_enough,0.4315,0.3495,14,1054,5.568,
"燃气蒸汽轮机动力装置热工基础 (清华大学燃气轮机教研组) (z-library.sk, 1lib.sk, z-lib.sk).pdf",57,False,confidence_not_improved_enough,0.3692,0.3427,381,602,3.57,
"燃气蒸汽轮机动力装置热工基础 (清华大学燃气轮机教研组) (z-library.sk, 1lib.sk, z-lib.sk).pdf",58,False,candidate_lost_too_much_text,0.41,0.4399,3039,546,3.337,
"燃气蒸汽轮机动力装置热工基础 (清华大学燃气轮机教研组) (z-library.sk, 1lib.sk, z-lib.sk).pdf",59,False,confidence_not_improved_enough,0.3576,0.3034,702,733,4.592,
"燃气蒸汽轮机动力装置热工基础 (清华大学燃气轮机教研组) (z-library.sk, 1lib.sk, z-lib.sk).pdf",60,False,candidate_lost_too_much_text,0.3281,0.2558,648,231,2.24,
"燃气蒸汽轮机动力装置热工基础 (清华大学燃气轮机教研组) (z-library.sk, 1lib.sk, z-lib.sk).pdf",62,True,confidence_improved,0.3696,0.4104,456,541,3.279,
"燃气蒸汽轮机动力装置热工基础 (清华大学燃气轮机教研组) (z-library.sk, 1lib.sk, z-lib.sk).pdf",64,True,confidence_improved,0.3587,0.385,887,1261,6.13,
"燃气蒸汽轮机动力装置热工基础 (清华大学燃气轮机教研组) (z-library.sk, 1lib.sk, z-lib.sk).pdf",65,False,candidate_lost_too_much_text,0.4059,0.458,3516,479,2.512,
"燃气蒸汽轮机动力装置热工基础 (清华大学燃气轮机教研组) (z-library.sk, 1lib.sk, z-lib.sk).pdf",68,False,confidence_not_improved_enough,0.4256,0.4351,527,512,2.752,
"燃气蒸汽轮机动力装置热工基础 (清华大学燃气轮机教研组) (z-library.sk, 1lib.sk, z-lib.sk).pdf",72,False,confidence_not_improved_enough,0.4387,0.3776,463,400,2.678,
"燃气蒸汽轮机动力装置热工基础 (清华大学燃气轮机教研组) (z-library.sk, 1lib.sk, z-lib.sk).pdf",74,False,confidence_not_improved_enough,0.4225,0.4178,2862,2087,2.921,
"燃气蒸汽轮机动力装置热工基础 (清华大学燃气轮机教研组) (z-library.sk, 1lib.sk, z-lib.sk).pdf",77,False,confidence_not_improved_enough,0.3875,0.386,366,500,2.98,
"燃气蒸汽轮机动力装置热工基础 (清华大学燃气轮机教研组) (z-library.sk, 1lib.sk, z-lib.sk).pdf",78,False,confidence_not_improved_enough,0.3407,0.3078,526,603,3.874,
"燃气蒸汽轮机动力装置热工基础 (清华大学燃气轮机教研组) (z-library.sk, 1lib.sk, z-lib.sk).pdf",80,False,candidate_empty,0.0,0.0,0,0,0.676,
"燃气蒸汽轮机动力装置热工基础 (清华大学燃气轮机教研组) (z-library.sk, 1lib.sk, z-lib.sk).pdf",82,False,confidence_not_improved_enough,0.3139,0.2833,145,832,5.492,
"燃气蒸汽轮机动力装置热工基础 (清华大学燃气轮机教研组) (z-library.sk, 1lib.sk, z-lib.sk).pdf",83,False,confidence_not_improved_enough,0.3397,0.3424,485,678,3.901,
"燃气蒸汽轮机动力装置热工基础 (清华大学燃气轮机教研组) (z-library.sk, 1lib.sk, z-lib.sk).pdf",84,False,confidence_not_improved_enough,0.3743,0.3868,834,773,3.996,
"燃气蒸汽轮机动力装置热工基础 (清华大学燃气轮机教研组) (z-library.sk, 1lib.sk, z-lib.sk).pdf",85,True,confidence_improved,0.3071,0.3512,281,5694,3.761,
"燃气蒸汽轮机动力装置热工基础 (清华大学燃气轮机教研组) (z-library.sk, 1lib.sk, z-lib.sk).pdf",86,False,confidence_not_improved_enough,0.3712,0.3312,206,699,3.475,
"燃气蒸汽轮机动力装置热工基础 (清华大学燃气轮机教研组) (z-library.sk, 1lib.sk, z-lib.sk).pdf",87,False,confidence_not_improved_enough,0.3289,0.338,246,431,2.552,
"燃气蒸汽轮机动力装置热工基础 (清华大学燃气轮机教研组) (z-library.sk, 1lib.sk, z-lib.sk).pdf",88,True,confidence_improved,0.3808,0.4079,342,516,3.266,
"燃气蒸汽轮机动力装置热工基础 (清华大学燃气轮机教研组) (z-library.sk, 1lib.sk, z-lib.sk).pdf",90,False,confidence_not_improved_enough,0.3943,0.4022,366,2433,3.592,
"燃气蒸汽轮机动力装置热工基础 (清华大学燃气轮机教研组) (z-library.sk, 1lib.sk, z-lib.sk).pdf",91,True,confidence_improved,0.3958,0.4368,381,526,2.901,
"燃气蒸汽轮机动力装置热工基础 (清华大学燃气轮机教研组) (z-library.sk, 1lib.sk, z-lib.sk).pdf",92,False,candidate_lost_too_much_text,0.3604,0.3378,1853,726,4.205,
"燃气蒸汽轮机动力装置热工基础 (清华大学燃气轮机教研组) (z-library.sk, 1lib.sk, z-lib.sk).pdf",95,True,confidence_improved,0.3073,0.3572,509,582,3.568,
"燃气蒸汽轮机动力装置热工基础 (清华大学燃气轮机教研组) (z-library.sk, 1lib.sk, z-lib.sk).pdf",96,False,confidence_not_improved_enough,0.3366,0.35,749,726,4.094,
"燃气蒸汽轮机动力装置热工基础 (清华大学燃气轮机教研组) (z-library.sk, 1lib.sk, z-lib.sk).pdf",97,False,candidate_lost_too_much_text,0.3848,0.4099,3516,465,2.58,
"燃气蒸汽轮机动力装置热工基础 (清华大学燃气轮机教研组) (z-library.sk, 1lib.sk, z-lib.sk).pdf",98,False,confidence_not_improved_enough,0.4458,0.2959,180,6363,2.798,
"燃气蒸汽轮机动力装置热工基础 (清华大学燃气轮机教研组) (z-library.sk, 1lib.sk, z-lib.sk).pdf",99,False,confidence_not_improved_enough,0.3802,0.3832,128,470,2.427,
"燃气蒸汽轮机动力装置热工基础 (清华大学燃气轮机教研组) (z-library.sk, 1lib.sk, z-lib.sk).pdf",100,False,confidence_not_improved_enough,0.3569,0.3196,237,634,3.732,
"燃气蒸汽轮机动力装置热工基础 (清华大学燃气轮机教研组) (z-library.sk, 1lib.sk, z-lib.sk).pdf",101,False,confidence_not_improved_enough,0.3966,0.3617,341,672,4.018,
"燃气蒸汽轮机动力装置热工基础 (清华大学燃气轮机教研组) (z-library.sk, 1lib.sk, z-lib.sk).pdf",102,False,confidence_not_improved_enough,0.34,0.345,141,495,2.629,
"燃气蒸汽轮机动力装置热工基础 (清华大学燃气轮机教研组) (z-library.sk, 1lib.sk, z-lib.sk).pdf",103,False,confidence_not_improved_enough,0.4269,0.3628,349,594,2.778,
"燃气蒸汽轮机动力装置热工基础 (清华大学燃气轮机教研组) (z-library.sk, 1lib.sk, z-lib.sk).pdf",104,False,confidence_not_improved_enough,0.3085,0.2984,40,761,3.733,
"燃气蒸汽轮机动力装置热工基础 (清华大学燃气轮机教研组) (z-library.sk, 1lib.sk, z-lib.sk).pdf",105,True,confidence_improved,0.3607,0.3828,416,718,3.349,
"燃气蒸汽轮机动力装置热工基础 (清华大学燃气轮机教研组) (z-library.sk, 1lib.sk, z-lib.sk).pdf",107,False,confidence_not_improved_enough,0.3986,0.3643,1489,3050,2.308,
"燃气蒸汽轮机动力装置热工基础 (清华大学燃气轮机教研组) (z-library.sk, 1lib.sk, z-lib.sk).pdf",108,True,confidence_improved,0.2968,0.3456,141,829,3.706,
"燃气蒸汽轮机动力装置热工基础 (清华大学燃气轮机教研组) (z-library.sk, 1lib.sk, z-lib.sk).pdf",109,True,confidence_improved,0.3136,0.3559,234,437,2.109,
"燃气蒸汽轮机动力装置热工基础 (清华大学燃气轮机教研组) (z-library.sk, 1lib.sk, z-lib.sk).pdf",110,True,confidence_improved,0.3127,0.3609,209,506,2.549,
"燃气蒸汽轮机动力装置热工基础 (清华大学燃气轮机教研组) (z-library.sk, 1lib.sk, z-lib.sk).pdf",111,False,candidate_lost_too_much_text,0.3431,0.3946,3951,511,2.524,
"燃气蒸汽轮机动力装置热工基础 (清华大学燃气轮机教研组) (z-library.sk, 1lib.sk, z-lib.sk).pdf",112,True,confidence_improved,0.4054,0.4915,445,471,2.561,
"燃气蒸汽轮机动力装置热工基础 (清华大学燃气轮机教研组) (z-library.sk, 1lib.sk, z-lib.sk).pdf",113,False,confidence_not_improved_enough,0.3998,0.3785,85,666,2.768,
"燃气蒸汽轮机动力装置热工基础 (清华大学燃气轮机教研组) (z-library.sk, 1lib.sk, z-lib.sk).pdf",114,True,confidence_improved,0.3322,0.357,631,757,3.28,
"燃气蒸汽轮机动力装置热工基础 (清华大学燃气轮机教研组) (z-library.sk, 1lib.sk, z-lib.sk).pdf",115,False,candidate_lost_too_much_text,0.2401,0.2685,5046,602,2.603,
"燃气蒸汽轮机动力装置热工基础 (清华大学燃气轮机教研组) (z-library.sk, 1lib.sk, z-lib.sk).pdf",116,False,confidence_not_improved_enough,0.3941,0.3473,399,3483,3.056,
"燃气蒸汽轮机动力装置热工基础 (清华大学燃气轮机教研组) (z-library.sk, 1lib.sk, z-lib.sk).pdf",118,False,confidence_not_improved_enough,0.3778,0.3187,560,769,2.999,
"燃气蒸汽轮机动力装置热工基础 (清华大学燃气轮机教研组) (z-library.sk, 1lib.sk, z-lib.sk).pdf",120,False,confidence_not_improved_enough,0.4239,0.4226,471,659,2.694,
"燃气蒸汽轮机动力装置热工基础 (清华大学燃气轮机教研组) (z-library.sk, 1lib.sk, z-lib.sk).pdf",124,False,confidence_not_improved_enough,0.3689,0.3847,330,5043,2.235,
"燃气蒸汽轮机动力装置热工基础 (清华大学燃气轮机教研组) (z-library.sk, 1lib.sk, z-lib.sk).pdf",127,True,confidence_improved,0.391,0.4448,3508,4434,2.21,
"燃气蒸汽轮机动力装置热工基础 (清华大学燃气轮机教研组) (z-library.sk, 1lib.sk, z-lib.sk).pdf",128,False,candidate_lost_too_much_text,0.3588,0.3905,8566,566,2.54,
"燃气蒸汽轮机动力装置热工基础 (清华大学燃气轮机教研组) (z-library.sk, 1lib.sk, z-lib.sk).pdf",130,False,confidence_not_improved_enough,0.4346,0.4244,380,554,2.36,
"燃气蒸汽轮机动力装置热工基础 (清华大学燃气轮机教研组) (z-library.sk, 1lib.sk, z-lib.sk).pdf",138,True,confidence_improved,0.4001,0.5316,380,371,2.002,
"燃气蒸汽轮机动力装置热工基础 (清华大学燃气轮机教研组) (z-library.sk, 1lib.sk, z-lib.sk).pdf",139,False,confidence_not_improved_enough,0.382,0.3444,616,604,2.342,
"燃气蒸汽轮机动力装置热工基础 (清华大学燃气轮机教研组) (z-library.sk, 1lib.sk, z-lib.sk).pdf",140,True,confidence_improved,0.3781,0.4624,3825,2551,2.707,
"燃气蒸汽轮机动力装置热工基础 (清华大学燃气轮机教研组) (z-library.sk, 1lib.sk, z-lib.sk).pdf",144,False,confidence_not_improved_enough,0.4286,0.4412,461,462,1.882,
"燃气蒸汽轮机动力装置热工基础 (清华大学燃气轮机教研组) (z-library.sk, 1lib.sk, z-lib.sk).pdf",154,False,candidate_lost_too_much_text,0.4271,0.4221,921,485,2.163,
"燃气蒸汽轮机动力装置热工基础 (清华大学燃气轮机教研组) (z-library.sk, 1lib.sk, z-lib.sk).pdf",157,True,confidence_improved,0.357,0.4245,109,539,2.184,
"燃气蒸汽轮机动力装置热工基础 (清华大学燃气轮机教研组) (z-library.sk, 1lib.sk, z-lib.sk).pdf",159,True,confidence_improved,0.3545,0.4222,120,646,2.889,
"燃气蒸汽轮机动力装置热工基础 (清华大学燃气轮机教研组) (z-library.sk, 1lib.sk, z-lib.sk).pdf",160,False,confidence_not_improved_enough,0.4361,0.4003,299,533,2.54,
"燃气蒸汽轮机动力装置热工基础 (清华大学燃气轮机教研组) (z-library.sk, 1lib.sk, z-lib.sk).pdf",164,True,confidence_improved,0.3678,0.4802,413,645,2.738,
"燃气蒸汽轮机动力装置热工基础 (清华大学燃气轮机教研组) (z-library.sk, 1lib.sk, z-lib.sk).pdf",168,False,confidence_not_improved_enough,0.4277,0.3936,345,595,2.851,
"燃气蒸汽轮机动力装置热工基础 (清华大学燃气轮机教研组) (z-library.sk, 1lib.sk, z-lib.sk).pdf",171,True,confidence_improved,0.3684,0.4041,405,536,2.722,
"燃气蒸汽轮机动力装置热工基础 (清华大学燃气轮机教研组) (z-library.sk, 1lib.sk, z-lib.sk).pdf",172,False,candidate_lost_too_much_text,0.4189,0.4391,6561,606,2.885,
"燃气蒸汽轮机动力装置热工基础 (清华大学燃气轮机教研组) (z-library.sk, 1lib.sk, z-lib.sk).pdf",174,True,confidence_improved,0.432,0.4795,638,560,2.505,
"燃气蒸汽轮机动力装置热工基础 (清华大学燃气轮机教研组) (z-library.sk, 1lib.sk, z-lib.sk).pdf",176,False,candidate_lost_too_much_text,0.4275,0.4635,6883,499,2.091,
"燃气蒸汽轮机动力装置热工基础 (清华大学燃气轮机教研组) (z-library.sk, 1lib.sk, z-lib.sk).pdf",188,False,confidence_not_improved_enough,0.4066,0.3775,210,268,1.318,
"燃气蒸汽轮机动力装置热工基础 (清华大学燃气轮机教研组) (z-library.sk, 1lib.sk, z-lib.sk).pdf",196,True,confidence_improved,0.3795,0.4035,185,366,1.719,
"燃气蒸汽轮机动力装置热工基础 (清华大学燃气轮机教研组) (z-library.sk, 1lib.sk, z-lib.sk).pdf",208,False,confidence_not_improved_enough,0.4494,0.4035,248,542,2.649,
"燃气蒸汽轮机动力装置热工基础 (清华大学燃气轮机教研组) (z-library.sk, 1lib.sk, z-lib.sk).pdf",215,True,confidence_improved,0.4344,0.6979,6110,10564,2.097,
"燃气蒸汽轮机动力装置热工基础 (清华大学燃气轮机教研组) (z-library.sk, 1lib.sk, z-lib.sk).pdf",216,False,confidence_not_improved_enough,0.4268,0.4282,137,506,2.284,
"燃气蒸汽轮机动力装置热工基础 (清华大学燃气轮机教研组) (z-library.sk, 1lib.sk, z-lib.sk).pdf",218,False,candidate_lost_too_much_text,0.319,0.3584,1726,663,3.037,
"燃气蒸汽轮机动力装置热工基础 (清华大学燃气轮机教研组) (z-library.sk, 1lib.sk, z-lib.sk).pdf",219,False,candidate_lost_too_much_text,0.3607,0.4776,3249,361,1.899,
"燃气蒸汽轮机动力装置热工基础 (清华大学燃气轮机教研组) (z-library.sk, 1lib.sk, z-lib.sk).pdf",228,False,confidence_not_improved_enough,0.427,0.4165,380,649,2.669,
"燃气蒸汽轮机动力装置热工基础 (清华大学燃气轮机教研组) (z-library.sk, 1lib.sk, z-lib.sk).pdf",229,True,confidence_improved,0.4129,0.4678,327,333,1.51,
"燃气蒸汽轮机动力装置热工基础 (清华大学燃气轮机教研组) (z-library.sk, 1lib.sk, z-lib.sk).pdf",230,True,confidence_improved,0.3806,0.502,176,13396,3.306,
"燃气蒸汽轮机动力装置热工基础 (清华大学燃气轮机教研组) (z-library.sk, 1lib.sk, z-lib.sk).pdf",232,False,confidence_not_improved_enough,0.3539,0.3512,414,775,3.002,
"燃气蒸汽轮机动力装置热工基础 (清华大学燃气轮机教研组) (z-library.sk, 1lib.sk, z-lib.sk).pdf",234,False,confidence_not_improved_enough,0.3821,0.3178,331,537,2.756,
"燃气蒸汽轮机动力装置热工基础 (清华大学燃气轮机教研组) (z-library.sk, 1lib.sk, z-lib.sk).pdf",235,False,candidate_lost_too_much_text,0.4132,0.4887,3116,338,1.866,
"燃气蒸汽轮机动力装置热工基础 (清华大学燃气轮机教研组) (z-library.sk, 1lib.sk, z-lib.sk).pdf",238,False,confidence_not_improved_enough,0.4138,0.3797,139,412,2.296,
"燃气蒸汽轮机动力装置热工基础 (清华大学燃气轮机教研组) (z-library.sk, 1lib.sk, z-lib.sk).pdf",244,False,confidence_not_improved_enough,0.4378,0.4068,589,807,3.328,
"燃气蒸汽轮机动力装置热工基础 (清华大学燃气轮机教研组) (z-library.sk, 1lib.sk, z-lib.sk).pdf",246,False,confidence_not_improved_enough,0.4158,0.4217,150,407,2.276,
"燃气蒸汽轮机动力装置热工基础 (清华大学燃气轮机教研组) (z-library.sk, 1lib.sk, z-lib.sk).pdf",248,True,confidence_improved,0.3431,0.3919,234,689,3.206,
"燃气蒸汽轮机动力装置热工基础 (清华大学燃气轮机教研组) (z-library.sk, 1lib.sk, z-lib.sk).pdf",249,False,confidence_not_improved_enough,0.4252,0.4221,714,668,3.058,
"燃气蒸汽轮机动力装置热工基础 (清华大学燃气轮机教研组) (z-library.sk, 1lib.sk, z-lib.sk).pdf",270,False,confidence_not_improved_enough,0.4418,0.4008,410,6377,2.087,
"燃气蒸汽轮机动力装置热工基础 (清华大学燃气轮机教研组) (z-library.sk, 1lib.sk, z-lib.sk).pdf",271,False,confidence_not_improved_enough,0.4231,0.375,409,574,2.386,
"燃气蒸汽轮机动力装置热工基础 (清华大学燃气轮机教研组) (z-library.sk, 1lib.sk, z-lib.sk).pdf",272,False,confidence_not_improved_enough,0.4289,0.3938,151,1120,4.769,
"燃气蒸汽轮机动力装置热工基础 (清华大学燃气轮机教研组) (z-library.sk, 1lib.sk, z-lib.sk).pdf",273,False,confidence_not_improved_enough,0.4262,0.4264,461,590,2.497,
"燃气蒸汽轮机动力装置热工基础 (清华大学燃气轮机教研组) (z-library.sk, 1lib.sk, z-lib.sk).pdf",278,False,confidence_not_improved_enough,0.4392,0.3977,165,783,2.777,
"燃气蒸汽轮机动力装置热工基础 (清华大学燃气轮机教研组) (z-library.sk, 1lib.sk, z-lib.sk).pdf",286,False,confidence_not_improved_enough,0.4273,0.4143,317,490,2.266,
"燃气蒸汽轮机动力装置热工基础 (清华大学燃气轮机教研组) (z-library.sk, 1lib.sk, z-lib.sk).pdf",289,False,confidence_not_improved_enough,0.357,0.366,230,440,2.229,
"燃气蒸汽轮机动力装置热工基础 (清华大学燃气轮机教研组) (z-library.sk, 1lib.sk, z-lib.sk).pdf",290,False,confidence_not_improved_enough,0.3622,0.3461,1100,841,3.228,
"燃气蒸汽轮机动力装置热工基础 (清华大学燃气轮机教研组) (z-library.sk, 1lib.sk, z-lib.sk).pdf",291,False,confidence_not_improved_enough,0.3548,0.3407,824,812,3.256,
"燃气蒸汽轮机动力装置热工基础 (清华大学燃气轮机教研组) (z-library.sk, 1lib.sk, z-lib.sk).pdf",292,False,confidence_not_improved_enough,0.3419,0.337,1065,7722,5.987,
"燃气蒸汽轮机动力装置热工基础 (清华大学燃气轮机教研组) (z-library.sk, 1lib.sk, z-lib.sk).pdf",293,False,candidate_lost_too_much_text,0.375,0.3934,5509,839,3.016,
"燃气蒸汽轮机动力装置热工基础 (清华大学燃气轮机教研组) (z-library.sk, 1lib.sk, z-lib.sk).pdf",294,False,candidate_lost_too_much_text,0.3578,0.3844,2649,1056,3.733,
"燃气蒸汽轮机动力装置热工基础 (清华大学燃气轮机教研组) (z-library.sk, 1lib.sk, z-lib.sk).pdf",295,False,confidence_not_improved_enough,0.4211,0.376,541,590,2.25,
"燃气蒸汽轮机动力装置热工基础 (清华大学燃气轮机教研组) (z-library.sk, 1lib.sk, z-lib.sk).pdf",296,False,confidence_not_improved_enough,0.4009,0.3675,371,465,2.071,
"燃气蒸汽轮机动力装置热工基础 (清华大学燃气轮机教研组) (z-library.sk, 1lib.sk, z-lib.sk).pdf",298,False,confidence_not_improved_enough,0.3812,0.3914,633,464,2.567,
"燃气蒸汽轮机动力装置热工基础 (清华大学燃气轮机教研组) (z-library.sk, 1lib.sk, z-lib.sk).pdf",299,True,confidence_improved,0.3352,0.4227,138,707,2.635,
"燃气蒸汽轮机动力装置热工基础 (清华大学燃气轮机教研组) (z-library.sk, 1lib.sk, z-lib.sk).pdf",300,True,confidence_improved,0.3361,0.36,255,509,2.446,
"燃气蒸汽轮机动力装置热工基础 (清华大学燃气轮机教研组) (z-library.sk, 1lib.sk, z-lib.sk).pdf",301,False,confidence_not_improved_enough,0.4217,0.4006,323,534,2.224,
"燃气蒸汽轮机动力装置热工基础 (清华大学燃气轮机教研组) (z-library.sk, 1lib.sk, z-lib.sk).pdf",302,False,confidence_not_improved_enough,0.3571,0.3257,367,1082,2.47,
"燃气蒸汽轮机动力装置热工基础 (清华大学燃气轮机教研组) (z-library.sk, 1lib.sk, z-lib.sk).pdf",303,True,confidence_improved,0.3545,0.3855,233,3721,2.266,
"燃气蒸汽轮机动力装置热工基础 (清华大学燃气轮机教研组) (z-library.sk, 1lib.sk, z-lib.sk).pdf",304,True,confidence_improved,0.3688,0.4059,279,1124,3.933,
"燃气蒸汽轮机动力装置热工基础 (清华大学燃气轮机教研组) (z-library.sk, 1lib.sk, z-lib.sk).pdf",306,False,confidence_not_improved_enough,0.341,0.3246,415,451,1.739,
"燃气蒸汽轮机动力装置热工基础 (清华大学燃气轮机教研组) (z-library.sk, 1lib.sk, z-lib.sk).pdf",313,True,confidence_improved,0.3293,0.3539,223,854,3.345,
"燃气蒸汽轮机动力装置热工基础 (清华大学燃气轮机教研组) (z-library.sk, 1lib.sk, z-lib.sk).pdf",314,False,confidence_not_improved_enough,0.38,0.3858,813,8436,2.981,
"燃气蒸汽轮机动力装置热工基础 (清华大学燃气轮机教研组) (z-library.sk, 1lib.sk, z-lib.sk).pdf",315,False,confidence_not_improved_enough,0.3824,0.3578,694,561,2.278,
"燃气蒸汽轮机动力装置热工基础 (清华大学燃气轮机教研组) (z-library.sk, 1lib.sk, z-lib.sk).pdf",316,False,confidence_not_improved_enough,0.3373,0.3148,151,2480,2.742,
"燃气蒸汽轮机动力装置热工基础 (清华大学燃气轮机教研组) (z-library.sk, 1lib.sk, z-lib.sk).pdf",317,False,confidence_not_improved_enough,0.392,0.3759,295,380,1.812,
"燃气蒸汽轮机动力装置热工基础 (清华大学燃气轮机教研组) (z-library.sk, 1lib.sk, z-lib.sk).pdf",318,False,confidence_not_improved_enough,0.4186,0.4048,624,951,3.744,
"燃气蒸汽轮机动力装置热工基础 (清华大学燃气轮机教研组) (z-library.sk, 1lib.sk, z-lib.sk).pdf",319,False,confidence_not_improved_enough,0.4047,0.3643,724,956,3.934,
"燃气蒸汽轮机动力装置热工基础 (清华大学燃气轮机教研组) (z-library.sk, 1lib.sk, z-lib.sk).pdf",320,True,confidence_improved,0.3572,0.4151,4664,7828,4.39,
"燃气蒸汽轮机动力装置热工基础 (清华大学燃气轮机教研组) (z-library.sk, 1lib.sk, z-lib.sk).pdf",321,False,confidence_not_improved_enough,0.3652,0.3345,845,14954,3.911,
"燃气蒸汽轮机动力装置热工基础 (清华大学燃气轮机教研组) (z-library.sk, 1lib.sk, z-lib.sk).pdf",322,False,confidence_not_improved_enough,0.3653,0.3843,1189,13881,6.094,
"燃气蒸汽轮机动力装置热工基础 (清华大学燃气轮机教研组) (z-library.sk, 1lib.sk, z-lib.sk).pdf",323,True,confidence_improved,0.3384,0.3782,79,936,3.982,
"燃气蒸汽轮机动力装置热工基础 (清华大学燃气轮机教研组) (z-library.sk, 1lib.sk, z-lib.sk).pdf",324,False,confidence_not_improved_enough,0.4275,0.3943,1032,1058,5.871,
"燃气蒸汽轮机动力装置热工基础 (清华大学燃气轮机教研组) (z-library.sk, 1lib.sk, z-lib.sk).pdf",325,False,confidence_not_improved_enough,0.4416,0.3206,385,8588,2.874,
"燃气蒸汽轮机动力装置热工基础 (清华大学燃气轮机教研组) (z-library.sk, 1lib.sk, z-lib.sk).pdf",326,False,confidence_not_improved_enough,0.43,0.3272,307,577,2.457,
"燃气蒸汽轮机动力装置热工基础 (清华大学燃气轮机教研组) (z-library.sk, 1lib.sk, z-lib.sk).pdf",327,True,confidence_improved,0.4019,0.4271,174,544,2.04,
"燃气蒸汽轮机动力装置热工基础 (清华大学燃气轮机教研组) (z-library.sk, 1lib.sk, z-lib.sk).pdf",328,False,confidence_not_improved_enough,0.4272,0.3893,528,784,3.7,
"燃气蒸汽轮机动力装置热工基础 (清华大学燃气轮机教研组) (z-library.sk, 1lib.sk, z-lib.sk).pdf",329,False,confidence_not_improved_enough,0.3942,0.3976,14,766,4.035,
"燃气蒸汽轮机动力装置热工基础 (清华大学燃气轮机教研组) (z-library.sk, 1lib.sk, z-lib.sk).pdf",330,False,confidence_not_improved_enough,0.3584,0.3386,783,16634,4.327,
"燃气蒸汽轮机动力装置热工基础 (清华大学燃气轮机教研组) (z-library.sk, 1lib.sk, z-lib.sk).pdf",331,False,confidence_not_improved_enough,0.4306,0.4468,78,397,2.121,
"燃气蒸汽轮机动力装置热工基础 (清华大学燃气轮机教研组) (z-library.sk, 1lib.sk, z-lib.sk).pdf",332,False,confidence_not_improved_enough,0.3538,0.3665,139,922,3.24,
"燃气蒸汽轮机动力装置热工基础 (清华大学燃气轮机教研组) (z-library.sk, 1lib.sk, z-lib.sk).pdf",333,False,confidence_not_improved_enough,0.431,0.4357,746,6941,2.798,
"燃气蒸汽轮机动力装置热工基础 (清华大学燃气轮机教研组) (z-library.sk, 1lib.sk, z-lib.sk).pdf",334,False,confidence_not_improved_enough,0.3889,0.3951,434,580,2.525,
"燃气蒸汽轮机动力装置热工基础 (清华大学燃气轮机教研组) (z-library.sk, 1lib.sk, z-lib.sk).pdf",335,True,confidence_improved,0.3371,0.4063,380,1988,2.034,
"燃气蒸汽轮机动力装置热工基础 (清华大学燃气轮机教研组) (z-library.sk, 1lib.sk, z-lib.sk).pdf",336,False,confidence_not_improved_enough,0.4074,0.4009,263,385,1.66,
"燃气蒸汽轮机动力装置热工基础 (清华大学燃气轮机教研组) (z-library.sk, 1lib.sk, z-lib.sk).pdf",337,True,confidence_improved,0.259,0.5035,381,469,2.315,
"燃气蒸汽轮机动力装置热工基础 (清华大学燃气轮机教研组) (z-library.sk, 1lib.sk, z-lib.sk).pdf",338,False,confidence_not_improved_enough,0.3257,0.3253,512,452,2.191,
"燃气蒸汽轮机动力装置热工基础 (清华大学燃气轮机教研组) (z-library.sk, 1lib.sk, z-lib.sk).pdf",339,True,confidence_improved,0.295,0.331,310,518,2.455,
"燃气蒸汽轮机动力装置热工基础 (清华大学燃气轮机教研组) (z-library.sk, 1lib.sk, z-lib.sk).pdf",340,False,confidence_not_improved_enough,0.3891,0.3147,311,611,2.731,
"燃气蒸汽轮机动力装置热工基础 (清华大学燃气轮机教研组) (z-library.sk, 1lib.sk, z-lib.sk).pdf",341,False,confidence_not_improved_enough,0.3693,0.3683,334,630,2.795,
"燃气蒸汽轮机动力装置热工基础 (清华大学燃气轮机教研组) (z-library.sk, 1lib.sk, z-lib.sk).pdf",343,False,candidate_lost_too_much_text,0.4478,0.3174,9155,563,2.395,
"燃气蒸汽轮机动力装置热工基础 (清华大学燃气轮机教研组) (z-library.sk, 1lib.sk, z-lib.sk).pdf",344,False,confidence_not_improved_enough,0.377,0.3505,102,1083,4.095,
"燃气蒸汽轮机动力装置热工基础 (清华大学燃气轮机教研组) (z-library.sk, 1lib.sk, z-lib.sk).pdf",345,False,confidence_not_improved_enough,0.4279,0.3736,400,8726,2.546,
"燃气蒸汽轮机动力装置热工基础 (清华大学燃气轮机教研组) (z-library.sk, 1lib.sk, z-lib.sk).pdf",346,True,confidence_improved,0.3366,0.4043,224,537,2.319,
"燃气蒸汽轮机动力装置热工基础 (清华大学燃气轮机教研组) (z-library.sk, 1lib.sk, z-lib.sk).pdf",347,False,confidence_not_improved_enough,0.3469,0.2979,368,597,2.395,
"燃气蒸汽轮机动力装置热工基础 (清华大学燃气轮机教研组) (z-library.sk, 1lib.sk, z-lib.sk).pdf",348,False,confidence_not_improved_enough,0.3333,0.3184,316,515,2.395,
"燃气蒸汽轮机动力装置热工基础 (清华大学燃气轮机教研组) (z-library.sk, 1lib.sk, z-lib.sk).pdf",349,False,confidence_not_improved_enough,0.3053,0.324,336,291,1.506,
"燃气蒸汽轮机动力装置热工基础 (清华大学燃气轮机教研组) (z-library.sk, 1lib.sk, z-lib.sk).pdf",350,False,confidence_not_improved_enough,0.3711,0.3102,321,641,2.829,
"燃气蒸汽轮机动力装置热工基础 (清华大学燃气轮机教研组) (z-library.sk, 1lib.sk, z-lib.sk).pdf",353,False,confidence_not_improved_enough,0.348,0.3331,266,555,2.539,
"燃气蒸汽轮机动力装置热工基础 (清华大学燃气轮机教研组) (z-library.sk, 1lib.sk, z-lib.sk).pdf",354,False,confidence_not_improved_enough,0.3666,0.3282,236,439,2.074,
"燃气蒸汽轮机动力装置热工基础 (清华大学燃气轮机教研组) (z-library.sk, 1lib.sk, z-lib.sk).pdf",359,False,confidence_not_improved_enough,0.4192,0.3846,492,547,2.045,
"燃气蒸汽轮机动力装置热工基础 (清华大学燃气轮机教研组) (z-library.sk, 1lib.sk, z-lib.sk).pdf",360,False,confidence_not_improved_enough,0.3801,0.3613,519,378,1.897,
"燃气蒸汽轮机动力装置热工基础 (清华大学燃气轮机教研组) (z-library.sk, 1lib.sk, z-lib.sk).pdf",362,True,confidence_improved,0.4359,0.4737,247,604,2.418,
"燃气蒸汽轮机动力装置热工基础 (清华大学燃气轮机教研组) (z-library.sk, 1lib.sk, z-lib.sk).pdf",372,False,confidence_not_improved_enough,0.4441,0.4527,405,542,2.473,
"燃气蒸汽轮机动力装置热工基础 (清华大学燃气轮机教研组) (z-library.sk, 1lib.sk, z-lib.sk).pdf",378,False,confidence_not_improved_enough,0.4447,0.4253,315,626,2.962,
"燃气蒸汽轮机动力装置热工基础 (清华大学燃气轮机教研组) (z-library.sk, 1lib.sk, z-lib.sk).pdf",380,False,confidence_not_improved_enough,0.434,0.394,215,545,2.457,
"燃气蒸汽轮机动力装置热工基础 (清华大学燃气轮机教研组) (z-library.sk, 1lib.sk, z-lib.sk).pdf",381,True,confidence_improved,0.4441,0.4727,232,668,2.796,
"燃气蒸汽轮机动力装置热工基础 (清华大学燃气轮机教研组) (z-library.sk, 1lib.sk, z-lib.sk).pdf",384,True,confidence_improved,0.3829,0.4403,416,443,1.902,
"燃气蒸汽轮机动力装置热工基础 (清华大学燃气轮机教研组) (z-library.sk, 1lib.sk, z-lib.sk).pdf",385,False,confidence_not_improved_enough,0.4387,0.4394,339,392,2.186,
"燃气蒸汽轮机动力装置热工基础 (清华大学燃气轮机教研组) (z-library.sk, 1lib.sk, z-lib.sk).pdf",389,False,confidence_not_improved_enough,0.4407,0.4348,299,4050,2.45,
"燃气蒸汽轮机动力装置热工基础 (清华大学燃气轮机教研组) (z-library.sk, 1lib.sk, z-lib.sk).pdf",394,False,confidence_not_improved_enough,0.3902,0.3554,168,543,2.509,
"燃气蒸汽轮机动力装置热工基础 (清华大学燃气轮机教研组) (z-library.sk, 1lib.sk, z-lib.sk).pdf",398,False,confidence_not_improved_enough,0.3899,0.3075,157,463,2.479,
"燃气蒸汽轮机动力装置热工基础 (清华大学燃气轮机教研组) (z-library.sk, 1lib.sk, z-lib.sk).pdf",400,False,confidence_not_improved_enough,0.4344,0.3836,331,561,2.758,
"燃气蒸汽轮机动力装置热工基础 (清华大学燃气轮机教研组) (z-library.sk, 1lib.sk, z-lib.sk).pdf",404,False,confidence_not_improved_enough,0.4478,0.4388,422,713,2.921,
"燃气蒸汽轮机动力装置热工基础 (清华大学燃气轮机教研组) (z-library.sk, 1lib.sk, z-lib.sk).pdf",406,False,confidence_not_improved_enough,0.3764,0.2934,310,447,2.203,
"燃气蒸汽轮机动力装置热工基础 (清华大学燃气轮机教研组) (z-library.sk, 1lib.sk, z-lib.sk).pdf",413,True,confidence_improved,0.3873,0.4553,462,498,2.014,
"燃气蒸汽轮机动力装置热工基础 (清华大学燃气轮机教研组) (z-library.sk, 1lib.sk, z-lib.sk).pdf",414,True,confidence_improved,0.3952,0.5494,5984,5815,1.932,
"燃气蒸汽轮机动力装置热工基础 (清华大学燃气轮机教研组) (z-library.sk, 1lib.sk, z-lib.sk).pdf",418,False,candidate_lost_too_much_text,0.3507,0.355,3936,1252,3.541,
"燃气蒸汽轮机动力装置热工基础 (清华大学燃气轮机教研组) (z-library.sk, 1lib.sk, z-lib.sk).pdf",419,False,confidence_not_improved_enough,0.404,0.383,1393,1680,3.256,
"燃气轮机 (南京燃气轮机研究所编) (z-library.sk, 1lib.sk, z-lib.sk).pdf",7,True,confidence_improved,0.3849,0.4924,1046,1847,44.64,
"燃气轮机 (南京燃气轮机研究所编) (z-library.sk, 1lib.sk, z-lib.sk).pdf",26,True,confidence_improved,0.4431,0.4655,242,276,2.305,
"燃气轮机 (南京燃气轮机研究所编) (z-library.sk, 1lib.sk, z-lib.sk).pdf",36,False,candidate_lost_too_much_text,0.3652,0.374,2412,699,3.957,
"燃气轮机 (南京燃气轮机研究所编) (z-library.sk, 1lib.sk, z-lib.sk).pdf",37,True,confidence_improved,0.3672,0.4366,1382,1396,8.41,
"燃气轮机 (南京燃气轮机研究所编) (z-library.sk, 1lib.sk, z-lib.sk).pdf",38,True,confidence_improved,0.3717,0.428,956,1345,9.215,
"燃气轮机 (南京燃气轮机研究所编) (z-library.sk, 1lib.sk, z-lib.sk).pdf",62,False,candidate_lost_too_much_text,0.448,0.8097,2439,803,2.352,
"燃气轮机 (燃气轮机基本情况编写组编写) (z-library.sk, 1lib.sk, z-lib.sk).pdf",1,False,confidence_not_improved_enough,0.2587,0.247,662,9635,45.009,
"燃气轮机 (燃气轮机基本情况编写组编写) (z-library.sk, 1lib.sk, z-lib.sk).pdf",53,False,confidence_not_improved_enough,0.4471,0.4042,63,1275,7.252,
"燃气轮机 (燃气轮机基本情况编写组编写) (z-library.sk, 1lib.sk, z-lib.sk).pdf",75,True,confidence_improved,0.3101,0.8712,9310,10588,4.182,
"燃气轮机 (燃气轮机基本情况编写组编写) (z-library.sk, 1lib.sk, z-lib.sk).pdf",103,False,candidate_lost_too_much_text,0.3974,0.7941,4784,967,3.984,
"燃气轮机 (燃气轮机基本情况编写组编写) (z-library.sk, 1lib.sk, z-lib.sk).pdf",104,False,candidate_lost_too_much_text,0.3035,0.5226,2980,635,3.184,
"燃气轮机 (燃气轮机基本情况编写组编写) (z-library.sk, 1lib.sk, z-lib.sk).pdf",116,False,confidence_not_improved_enough,0.3777,0.337,1154,12102,3.573,
"燃气轮机 (燃气轮机基本情况编写组编写) (z-library.sk, 1lib.sk, z-lib.sk).pdf",129,False,candidate_lost_too_much_text,0.31,0.703,498,291,1.653,
"燃气轮机 (燃气轮机基本情况编写组编写) (z-library.sk, 1lib.sk, z-lib.sk).pdf",131,True,confidence_improved,0.4127,0.4599,425,453,2.328,
"燃气轮机 (燃气轮机基本情况编写组编写) (z-library.sk, 1lib.sk, z-lib.sk).pdf",132,False,candidate_lost_too_much_text,0.3774,0.4433,427,251,2.496,
"燃气轮机 (燃气轮机基本情况编写组编写) (z-library.sk, 1lib.sk, z-lib.sk).pdf",133,False,candidate_lost_too_much_text,0.3391,0.4751,4639,349,2.446,
"燃气轮机 (燃气轮机基本情况编写组编写) (z-library.sk, 1lib.sk, z-lib.sk).pdf",134,True,confidence_improved,0.3848,0.7389,288,231,1.356,
"燃气轮机 (燃气轮机基本情况编写组编写) (z-library.sk, 1lib.sk, z-lib.sk).pdf",139,True,confidence_improved,0.3516,0.7833,449,4008,1.858,
"燃气轮机 (燃气轮机基本情况编写组编写) (z-library.sk, 1lib.sk, z-lib.sk).pdf",140,True,confidence_improved,0.4196,0.5047,148,296,2.035,
"燃气轮机 (燃气轮机基本情况编写组编写) (z-library.sk, 1lib.sk, z-lib.sk).pdf",141,False,candidate_lost_too_much_text,0.336,0.6993,691,328,1.753,
"燃气轮机 (燃气轮机基本情况编写组编写) (z-library.sk, 1lib.sk, z-lib.sk).pdf",142,False,candidate_lost_too_much_text,0.3591,0.6395,1924,151,1.198,
"燃气轮机 (燃气轮机基本情况编写组编写) (z-library.sk, 1lib.sk, z-lib.sk).pdf",145,False,candidate_lost_too_much_text,0.3468,0.5399,497,249,2.099,
"燃气轮机 (燃气轮机基本情况编写组编写) (z-library.sk, 1lib.sk, z-lib.sk).pdf",146,False,confidence_not_improved_enough,0.386,0.2694,134,205,2.453,
"燃气轮机与燃气-蒸汽联合循环装置 上 (清华大学热能工程系动力机械与工程研究所，深圳南山热电股份有限公司编著 etc.) (z-library.sk, 1lib.sk, z-lib.sk).pdf",74,False,candidate_lost_too_much_text,0.4451,0.6097,13312,923,4.283,
"燃气轮机与燃气-蒸汽联合循环装置 上 (清华大学热能工程系动力机械与工程研究所，深圳南山热电股份有限公司编著 etc.) (z-library.sk, 1lib.sk, z-lib.sk).pdf",116,False,candidate_lost_too_much_text,0.3269,0.8053,8851,1450,6.642,
"燃气轮机与燃气-蒸汽联合循环装置 上 (清华大学热能工程系动力机械与工程研究所，深圳南山热电股份有限公司编著 etc.) (z-library.sk, 1lib.sk, z-lib.sk).pdf",117,False,candidate_lost_too_much_text,0.3442,0.8528,7164,1501,7.668,
"燃气轮机与燃气-蒸汽联合循环装置 上 (清华大学热能工程系动力机械与工程研究所，深圳南山热电股份有限公司编著 etc.) (z-library.sk, 1lib.sk, z-lib.sk).pdf",160,False,candidate_lost_too_much_text,0.4256,0.6059,10837,1130,6.003,
"燃气轮机与燃气-蒸汽联合循环装置 上 (清华大学热能工程系动力机械与工程研究所，深圳南山热电股份有限公司编著 etc.) (z-library.sk, 1lib.sk, z-lib.sk).pdf",208,False,candidate_lost_too_much_text,0.4226,0.8194,13842,1333,7.364,
"燃气轮机与燃气-蒸汽联合循环装置 上 (清华大学热能工程系动力机械与工程研究所，深圳南山热电股份有限公司编著 etc.) (z-library.sk, 1lib.sk, z-lib.sk).pdf",246,False,confidence_not_improved_enough,0.3473,0.3473,350,425,4.126,
"燃气轮机与燃气-蒸汽联合循环装置 上 (清华大学热能工程系动力机械与工程研究所，深圳南山热电股份有限公司编著 etc.) (z-library.sk, 1lib.sk, z-lib.sk).pdf",268,False,candidate_lost_too_much_text,0.3527,0.6928,3688,880,5.022,
"燃气轮机与燃气-蒸汽联合循环装置 上 (清华大学热能工程系动力机械与工程研究所，深圳南山热电股份有限公司编著 etc.) (z-library.sk, 1lib.sk, z-lib.sk).pdf",375,True,confidence_improved,0.4037,0.8466,15050,15255,9.031,
"燃气轮机与燃气-蒸汽联合循环装置 上 (清华大学热能工程系动力机械与工程研究所，深圳南山热电股份有限公司编著 etc.) (z-library.sk, 1lib.sk, z-lib.sk).pdf",420,True,confidence_improved,0.4426,0.8501,22191,25067,7.805,
"燃气轮机与燃气-蒸汽联合循环装置 上 (清华大学热能工程系动力机械与工程研究所，深圳南山热电股份有限公司编著 etc.) (z-library.sk, 1lib.sk, z-lib.sk).pdf",468,False,candidate_lost_too_much_text,0.2908,0.7931,4822,1410,7.908,
"燃气轮机与燃气-蒸汽联合循环装置 上 (清华大学热能工程系动力机械与工程研究所，深圳南山热电股份有限公司编著 etc.) (z-library.sk, 1lib.sk, z-lib.sk).pdf",469,False,candidate_lost_too_much_text,0.3964,0.7613,551,192,2.265,
"燃气轮机与燃气-蒸汽联合循环装置 上 (清华大学热能工程系动力机械与工程研究所，深圳南山热电股份有限公司编著 etc.) (z-library.sk, 1lib.sk, z-lib.sk).pdf",470,False,candidate_lost_too_much_text,0.3129,0.5643,12777,778,4.929,
"燃气轮机与燃气-蒸汽联合循环装置 上 (清华大学热能工程系动力机械与工程研究所，深圳南山热电股份有限公司编著 etc.) (z-library.sk, 1lib.sk, z-lib.sk).pdf",471,False,candidate_lost_too_much_text,0.335,0.7564,420,168,1.985,
"燃气轮机与燃气-蒸汽联合循环装置 上 (清华大学热能工程系动力机械与工程研究所，深圳南山热电股份有限公司编著 etc.) (z-library.sk, 1lib.sk, z-lib.sk).pdf",472,False,candidate_lost_too_much_text,0.3835,0.7083,972,496,3.325,
"燃气轮机与燃气-蒸汽联合循环装置 上 (清华大学热能工程系动力机械与工程研究所，深圳南山热电股份有限公司编著 etc.) (z-library.sk, 1lib.sk, z-lib.sk).pdf",475,False,candidate_lost_too_much_text,0.2979,0.8605,28985,1436,7.229,
"燃气轮机与燃气-蒸汽联合循环装置 上 (清华大学热能工程系动力机械与工程研究所，深圳南山热电股份有限公司编著 etc.) (z-library.sk, 1lib.sk, z-lib.sk).pdf",490,False,candidate_lost_too_much_text,0.3528,0.5514,564,244,2.826,
"燃气轮机与燃气-蒸汽联合循环装置 下 (清华大学热能工程系动力机械与工程研究所，深圳南山热电股份有限公司编著 etc.) (z-library.sk, 1lib.sk, z-lib.sk).pdf",37,True,confidence_improved,0.4489,0.6205,668,22162,4.07,
"燃气轮机与燃气-蒸汽联合循环装置 下 (清华大学热能工程系动力机械与工程研究所，深圳南山热电股份有限公司编著 etc.) (z-library.sk, 1lib.sk, z-lib.sk).pdf",61,False,candidate_lost_too_much_text,0.2926,0.8447,28474,1334,6.51,
"燃气轮机与燃气-蒸汽联合循环装置 下 (清华大学热能工程系动力机械与工程研究所，深圳南山热电股份有限公司编著 etc.) (z-library.sk, 1lib.sk, z-lib.sk).pdf",67,True,confidence_improved,0.3633,0.6841,12471,16350,4.251,
"燃气轮机与燃气-蒸汽联合循环装置 下 (清华大学热能工程系动力机械与工程研究所，深圳南山热电股份有限公司编著 etc.) (z-library.sk, 1lib.sk, z-lib.sk).pdf",72,True,confidence_improved,0.396,0.6924,18489,25032,4.799,
"燃气轮机与燃气-蒸汽联合循环装置 下 (清华大学热能工程系动力机械与工程研究所，深圳南山热电股份有限公司编著 etc.) (z-library.sk, 1lib.sk, z-lib.sk).pdf",80,True,confidence_improved,0.4247,0.7966,1751,1066,5.418,
"燃气轮机与燃气-蒸汽联合循环装置 下 (清华大学热能工程系动力机械与工程研究所，深圳南山热电股份有限公司编著 etc.) (z-library.sk, 1lib.sk, z-lib.sk).pdf",110,False,candidate_lost_too_much_text,0.4322,0.7986,12905,1337,6.203,
"燃气轮机与燃气-蒸汽联合循环装置 下 (清华大学热能工程系动力机械与工程研究所，深圳南山热电股份有限公司编著 etc.) (z-library.sk, 1lib.sk, z-lib.sk).pdf",193,False,candidate_lost_too_much_text,0.4018,0.6921,33159,1369,6.185,
"燃气轮机与燃气-蒸汽联合循环装置 下 (清华大学热能工程系动力机械与工程研究所，深圳南山热电股份有限公司编著 etc.) (z-library.sk, 1lib.sk, z-lib.sk).pdf",205,False,confidence_not_improved_enough,0.3218,0.3276,216,300,2.974,
"燃气轮机与燃气-蒸汽联合循环装置 下 (清华大学热能工程系动力机械与工程研究所，深圳南山热电股份有限公司编著 etc.) (z-library.sk, 1lib.sk, z-lib.sk).pdf",209,False,candidate_lost_too_much_text,0.3393,0.891,24399,1602,7.868,
"燃气轮机与燃气-蒸汽联合循环装置 下 (清华大学热能工程系动力机械与工程研究所，深圳南山热电股份有限公司编著 etc.) (z-library.sk, 1lib.sk, z-lib.sk).pdf",269,True,confidence_improved,0.2669,0.675,721,766,3.166,
"燃气轮机与燃气-蒸汽联合循环装置 下 (清华大学热能工程系动力机械与工程研究所，深圳南山热电股份有限公司编著 etc.) (z-library.sk, 1lib.sk, z-lib.sk).pdf",270,False,candidate_lost_too_much_text,0.4025,0.673,8807,600,2.909,
"燃气轮机与燃气-蒸汽联合循环装置 下 (清华大学热能工程系动力机械与工程研究所，深圳南山热电股份有限公司编著 etc.) (z-library.sk, 1lib.sk, z-lib.sk).pdf",295,False,candidate_lost_too_much_text,0.3333,0.7594,624,364,2.102,
"燃气轮机与燃气-蒸汽联合循环装置 下 (清华大学热能工程系动力机械与工程研究所，深圳南山热电股份有限公司编著 etc.) (z-library.sk, 1lib.sk, z-lib.sk).pdf",297,False,candidate_lost_too_much_text,0.1741,0.6794,13566,935,4.685,
"燃气轮机原理、结构与应用 上 (沈阳黎明航空发动机（集团）有限责任公司编著) (z-library.sk, 1lib.sk, z-lib.sk).pdf",2,False,confidence_not_improved_enough,0.4462,0.4181,21,69,2.365,
"燃气轮机原理、结构与应用 上 (沈阳黎明航空发动机（集团）有限责任公司编著) (z-library.sk, 1lib.sk, z-lib.sk).pdf",312,False,candidate_lost_too_much_text,0.3605,0.8594,516,178,1.631,
"燃气轮机原理、结构与应用 下 (沈阳黎明航空发动机（集团）有限责任公司编著, Pdg2Pic) (z-library.sk, 1lib.sk, z-lib.sk).pdf",2,False,confidence_not_improved_enough,0.4171,0.3703,85,84,1.622,
"燃气轮机原理、结构与应用 下 (沈阳黎明航空发动机（集团）有限责任公司编著, Pdg2Pic) (z-library.sk, 1lib.sk, z-lib.sk).pdf",18,False,candidate_lost_too_much_text,0.0759,0.8451,13838,1262,5.248,
"燃气轮机原理、结构与应用 下 (沈阳黎明航空发动机（集团）有限责任公司编著, Pdg2Pic) (z-library.sk, 1lib.sk, z-lib.sk).pdf",35,False,candidate_lost_too_much_text,0.2334,0.8771,3701,1236,5.265,
"燃气轮机原理、结构与应用 下 (沈阳黎明航空发动机（集团）有限责任公司编著, Pdg2Pic) (z-library.sk, 1lib.sk, z-lib.sk).pdf",39,False,candidate_lost_too_much_text,0.2535,0.7522,3346,948,4.852,
"燃气轮机原理、结构与应用 下 (沈阳黎明航空发动机（集团）有限责任公司编著, Pdg2Pic) (z-library.sk, 1lib.sk, z-lib.sk).pdf",46,False,candidate_lost_too_much_text,0.2522,0.8438,2408,773,2.98,
"燃气轮机原理、结构与应用 下 (沈阳黎明航空发动机（集团）有限责任公司编著, Pdg2Pic) (z-library.sk, 1lib.sk, z-lib.sk).pdf",59,False,candidate_lost_too_much_text,0.2942,0.7678,6525,947,3.496,
"燃气轮机原理、结构与应用 下 (沈阳黎明航空发动机（集团）有限责任公司编著, Pdg2Pic) (z-library.sk, 1lib.sk, z-lib.sk).pdf",75,False,candidate_lost_too_much_text,0.2557,0.8113,5759,1126,4.373,
"燃气轮机原理、结构与应用 下 (沈阳黎明航空发动机（集团）有限责任公司编著, Pdg2Pic) (z-library.sk, 1lib.sk, z-lib.sk).pdf",85,False,candidate_lost_too_much_text,0.295,0.8207,9097,1378,6.733,
"燃气轮机原理、结构与应用 下 (沈阳黎明航空发动机（集团）有限责任公司编著, Pdg2Pic) (z-library.sk, 1lib.sk, z-lib.sk).pdf",91,False,candidate_lost_too_much_text,0.2664,0.8553,2502,1378,5.883,
"燃气轮机原理、结构与应用 下 (沈阳黎明航空发动机（集团）有限责任公司编著, Pdg2Pic) (z-library.sk, 1lib.sk, z-lib.sk).pdf",108,False,candidate_lost_too_much_text,0.1342,0.7637,7520,1224,5.242,
"燃气轮机原理、结构与应用 下 (沈阳黎明航空发动机（集团）有限责任公司编著, Pdg2Pic) (z-library.sk, 1lib.sk, z-lib.sk).pdf",129,False,candidate_lost_too_much_text,0.2034,0.8055,2339,872,4.308,
"燃气轮机原理、结构与应用 下 (沈阳黎明航空发动机（集团）有限责任公司编著, Pdg2Pic) (z-library.sk, 1lib.sk, z-lib.sk).pdf",131,False,candidate_lost_too_much_text,0.2051,0.8704,3014,1080,4.35,
"燃气轮机原理、结构与应用 下 (沈阳黎明航空发动机（集团）有限责任公司编著, Pdg2Pic) (z-library.sk, 1lib.sk, z-lib.sk).pdf",147,False,candidate_lost_too_much_text,0.1522,0.7167,6630,984,3.442,
"燃气轮机原理、结构与应用 下 (沈阳黎明航空发动机（集团）有限责任公司编著, Pdg2Pic) (z-library.sk, 1lib.sk, z-lib.sk).pdf",156,False,candidate_lost_too_much_text,0.2217,0.8884,6337,1168,5.074,
"燃气轮机原理、结构与应用 下 (沈阳黎明航空发动机（集团）有限责任公司编著, Pdg2Pic) (z-library.sk, 1lib.sk, z-lib.sk).pdf",157,False,candidate_lost_too_much_text,0.1951,0.8127,3784,988,4.448,
"燃气轮机原理、结构与应用 下 (沈阳黎明航空发动机（集团）有限责任公司编著, Pdg2Pic) (z-library.sk, 1lib.sk, z-lib.sk).pdf",174,False,candidate_lost_too_much_text,0.0942,0.6752,2384,475,2.153,
"燃气轮机原理、结构与应用 下 (沈阳黎明航空发动机（集团）有限责任公司编著, Pdg2Pic) (z-library.sk, 1lib.sk, z-lib.sk).pdf",181,False,candidate_lost_too_much_text,0.2339,0.8103,8204,1065,4.448,
"燃气轮机原理、结构与应用 下 (沈阳黎明航空发动机（集团）有限责任公司编著, Pdg2Pic) (z-library.sk, 1lib.sk, z-lib.sk).pdf",194,False,candidate_lost_too_much_text,0.4014,0.3809,7541,705,3.66,
"燃气轮机原理、结构与应用 下 (沈阳黎明航空发动机（集团）有限责任公司编著, Pdg2Pic) (z-library.sk, 1lib.sk, z-lib.sk).pdf",198,False,candidate_lost_too_much_text,0.2917,0.8533,9952,1536,6.212,
"燃气轮机原理、结构与应用 下 (沈阳黎明航空发动机（集团）有限责任公司编著, Pdg2Pic) (z-library.sk, 1lib.sk, z-lib.sk).pdf",204,True,confidence_improved,0.2809,0.7513,3127,2021,3.433,
"燃气轮机原理、结构与应用 下 (沈阳黎明航空发动机（集团）有限责任公司编著, Pdg2Pic) (z-library.sk, 1lib.sk, z-lib.sk).pdf",211,False,candidate_lost_too_much_text,0.2737,0.8325,5135,987,3.963,
"燃气轮机原理、结构与应用 下 (沈阳黎明航空发动机（集团）有限责任公司编著, Pdg2Pic) (z-library.sk, 1lib.sk, z-lib.sk).pdf",221,False,candidate_lost_too_much_text,0.293,0.8256,7338,1085,4.506,
"燃气轮机原理、结构与应用 下 (沈阳黎明航空发动机（集团）有限责任公司编著, Pdg2Pic) (z-library.sk, 1lib.sk, z-lib.sk).pdf",262,False,candidate_lost_too_much_text,0.3125,0.8492,10850,1243,5.288,
"燃气轮机原理、结构与应用 下 (沈阳黎明航空发动机（集团）有限责任公司编著, Pdg2Pic) (z-library.sk, 1lib.sk, z-lib.sk).pdf",264,False,candidate_lost_too_much_text,0.381,0.7956,1287,667,2.303,
"燃气轮机原理、结构与应用 下 (沈阳黎明航空发动机（集团）有限责任公司编著, Pdg2Pic) (z-library.sk, 1lib.sk, z-lib.sk).pdf",265,False,candidate_lost_too_much_text,0.2615,0.733,5443,716,2.563,
"燃气轮机原理、结构与应用 下 (沈阳黎明航空发动机（集团）有限责任公司编著, Pdg2Pic) (z-library.sk, 1lib.sk, z-lib.sk).pdf",266,False,candidate_lost_too_much_text,0.2801,0.8137,5368,2279,2.764,
"燃气轮机原理、结构与应用 下 (沈阳黎明航空发动机（集团）有限责任公司编著, Pdg2Pic) (z-library.sk, 1lib.sk, z-lib.sk).pdf",271,True,confidence_improved,0.2648,0.7927,4942,14515,4.01,
"燃气轮机原理、结构与应用 下 (沈阳黎明航空发动机（集团）有限责任公司编著, Pdg2Pic) (z-library.sk, 1lib.sk, z-lib.sk).pdf",276,False,candidate_lost_too_much_text,0.269,0.6866,4146,777,2.801,
"燃气轮机原理、结构与应用 下 (沈阳黎明航空发动机（集团）有限责任公司编著, Pdg2Pic) (z-library.sk, 1lib.sk, z-lib.sk).pdf",285,False,candidate_lost_too_much_text,0.2818,0.8585,2546,1200,4.625,
"燃气轮机原理、结构与应用 下 (沈阳黎明航空发动机（集团）有限责任公司编著, Pdg2Pic) (z-library.sk, 1lib.sk, z-lib.sk).pdf",300,False,candidate_lost_too_much_text,0.3495,0.8223,6316,819,2.981,
"燃气轮机原理、结构与应用 下 (沈阳黎明航空发动机（集团）有限责任公司编著, Pdg2Pic) (z-library.sk, 1lib.sk, z-lib.sk).pdf",310,False,confidence_not_improved_enough,0.3468,0.3211,150,94,1.539,
"燃气轮机原理、结构与应用 下 (沈阳黎明航空发动机（集团）有限责任公司编著, Pdg2Pic) (z-library.sk, 1lib.sk, z-lib.sk).pdf",316,False,candidate_lost_too_much_text,0.3016,0.7652,6537,937,4.102,
"燃气轮机原理、结构与应用 下 (沈阳黎明航空发动机（集团）有限责任公司编著, Pdg2Pic) (z-library.sk, 1lib.sk, z-lib.sk).pdf",338,False,candidate_lost_too_much_text,0.2526,0.9021,8231,1184,4.858,
"燃气轮机原理、结构与应用 下 (沈阳黎明航空发动机（集团）有限责任公司编著, Pdg2Pic) (z-library.sk, 1lib.sk, z-lib.sk).pdf",345,False,candidate_lost_too_much_text,0.3095,0.736,4156,798,3.145,
"燃气轮机原理、结构与应用 下 (沈阳黎明航空发动机（集团）有限责任公司编著, Pdg2Pic) (z-library.sk, 1lib.sk, z-lib.sk).pdf",348,False,confidence_not_improved_enough,0.4453,0.383,516,492,2.536,
"燃气轮机原理、结构与应用 下 (沈阳黎明航空发动机（集团）有限责任公司编著, Pdg2Pic) (z-library.sk, 1lib.sk, z-lib.sk).pdf",358,False,confidence_not_improved_enough,0.3734,0.3309,316,332,2.873,
"燃气轮机原理、结构与应用 下 (沈阳黎明航空发动机（集团）有限责任公司编著, Pdg2Pic) (z-library.sk, 1lib.sk, z-lib.sk).pdf",359,True,confidence_improved,0.3692,0.428,299,272,2.011,
"燃气轮机原理、结构与应用 下 (沈阳黎明航空发动机（集团）有限责任公司编著, Pdg2Pic) (z-library.sk, 1lib.sk, z-lib.sk).pdf",360,False,confidence_not_improved_enough,0.3886,0.331,139,405,3.146,
"燃气轮机原理、结构与应用 下 (沈阳黎明航空发动机（集团）有限责任公司编著, Pdg2Pic) (z-library.sk, 1lib.sk, z-lib.sk).pdf",362,True,confidence_improved,0.363,0.4081,389,374,2.382,
"燃气轮机原理、结构与应用 下 (沈阳黎明航空发动机（集团）有限责任公司编著, Pdg2Pic) (z-library.sk, 1lib.sk, z-lib.sk).pdf",363,False,confidence_not_improved_enough,0.3971,0.3394,272,294,2.389,
"燃气轮机原理、结构与应用 下 (沈阳黎明航空发动机（集团）有限责任公司编著, Pdg2Pic) (z-library.sk, 1lib.sk, z-lib.sk).pdf",366,False,candidate_lost_too_much_text,0.3096,0.8278,10008,1085,4.307,
"燃气轮机原理、结构与应用 下 (沈阳黎明航空发动机（集团）有限责任公司编著, Pdg2Pic) (z-library.sk, 1lib.sk, z-lib.sk).pdf",395,False,candidate_lost_too_much_text,0.3702,0.7848,26397,1004,3.687,
"燃气轮机原理、结构与应用 下 (沈阳黎明航空发动机（集团）有限责任公司编著, Pdg2Pic) (z-library.sk, 1lib.sk, z-lib.sk).pdf",417,False,candidate_lost_too_much_text,0.3483,0.8529,5049,1067,3.545,
"燃气轮机原理、结构与应用 下 (沈阳黎明航空发动机（集团）有限责任公司编著, Pdg2Pic) (z-library.sk, 1lib.sk, z-lib.sk).pdf",425,False,candidate_lost_too_much_text,0.2755,0.8803,3116,1156,4.143,
"燃气轮机原理、结构与应用 下 (沈阳黎明航空发动机（集团）有限责任公司编著, Pdg2Pic) (z-library.sk, 1lib.sk, z-lib.sk).pdf",438,False,candidate_lost_too_much_text,0.2322,0.8171,12402,1239,3.849,
"燃气轮机原理、结构与应用 下 (沈阳黎明航空发动机（集团）有限责任公司编著, Pdg2Pic) (z-library.sk, 1lib.sk, z-lib.sk).pdf",443,False,candidate_lost_too_much_text,0.3889,0.6845,4650,877,2.937,
"燃气轮机原理、结构与应用 下 (沈阳黎明航空发动机（集团）有限责任公司编著, Pdg2Pic) (z-library.sk, 1lib.sk, z-lib.sk).pdf",451,False,candidate_lost_too_much_text,0.2497,0.7227,2184,1010,3.275,
"燃气轮机原理、结构与应用 下 (沈阳黎明航空发动机（集团）有限责任公司编著, Pdg2Pic) (z-library.sk, 1lib.sk, z-lib.sk).pdf",460,False,candidate_lost_too_much_text,0.3383,0.824,11289,1086,3.752,
"燃气轮机原理、结构与应用 下 (沈阳黎明航空发动机（集团）有限责任公司编著, Pdg2Pic) (z-library.sk, 1lib.sk, z-lib.sk).pdf",472,True,confidence_improved,0.2266,0.8563,17185,27831,4.655,
"燃气轮机原理、结构与应用 下 (沈阳黎明航空发动机（集团）有限责任公司编著, Pdg2Pic) (z-library.sk, 1lib.sk, z-lib.sk).pdf",475,False,candidate_lost_too_much_text,0.3459,0.8817,8831,999,3.805,
"燃气轮机可靠性维护理论及应用 (张会生，周登极编著) (z-library.sk, 1lib.sk, z-lib.sk).pdf",14,False,candidate_lost_too_much_text,0.3742,0.7555,310,127,1.715,
"燃气轮机可靠性维护理论及应用 (张会生，周登极编著) (z-library.sk, 1lib.sk, z-lib.sk).pdf",15,False,candidate_lost_too_much_text,0.3684,0.8093,496,176,1.612,
"燃气轮机可靠性维护理论及应用 (张会生，周登极编著) (z-library.sk, 1lib.sk, z-lib.sk).pdf",16,False,candidate_lost_too_much_text,0.2583,0.8681,8961,87,1.286,
"燃气轮机可靠性维护理论及应用 (张会生，周登极编著) (z-library.sk, 1lib.sk, z-lib.sk).pdf",17,False,candidate_lost_too_much_text,0.4469,0.9008,323,39,0.877,
"燃气轮机可靠性维护理论及应用 (张会生，周登极编著) (z-library.sk, 1lib.sk, z-lib.sk).pdf",30,False,candidate_lost_too_much_text,0.3499,0.849,2796,727,4.376,
"燃气轮机可靠性维护理论及应用 (张会生，周登极编著) (z-library.sk, 1lib.sk, z-lib.sk).pdf",41,False,candidate_lost_too_much_text,0.4397,0.8016,4748,767,4.029,
"燃气轮机可靠性维护理论及应用 (张会生，周登极编著) (z-library.sk, 1lib.sk, z-lib.sk).pdf",56,False,candidate_lost_too_much_text,0.3595,0.8935,26846,1253,6.266,
"燃气轮机可靠性维护理论及应用 (张会生，周登极编著) (z-library.sk, 1lib.sk, z-lib.sk).pdf",76,False,candidate_lost_too_much_text,0.3734,0.8703,6692,356,1.666,
"燃气轮机可靠性维护理论及应用 (张会生，周登极编著) (z-library.sk, 1lib.sk, z-lib.sk).pdf",82,False,confidence_not_improved_enough,0.433,0.3803,147,5686,3.591,
"燃气轮机可靠性维护理论及应用 (张会生，周登极编著) (z-library.sk, 1lib.sk, z-lib.sk).pdf",95,False,candidate_lost_too_much_text,0.413,0.7341,1808,426,1.745,
"燃气轮机可靠性维护理论及应用 (张会生，周登极编著) (z-library.sk, 1lib.sk, z-lib.sk).pdf",99,True,confidence_improved,0.3784,0.8385,310,557,1.102,
"燃气轮机可靠性维护理论及应用 (张会生，周登极编著) (z-library.sk, 1lib.sk, z-lib.sk).pdf",112,False,candidate_lost_too_much_text,0.3311,0.8,6326,735,3.234,
"燃气轮机可靠性维护理论及应用 (张会生，周登极编著) (z-library.sk, 1lib.sk, z-lib.sk).pdf",146,False,candidate_lost_too_much_text,0.366,0.7876,1480,779,3.727,
"燃气轮机可靠性维护理论及应用 (张会生，周登极编著) (z-library.sk, 1lib.sk, z-lib.sk).pdf",160,False,candidate_lost_too_much_text,0.4043,0.7831,4552,665,2.901,
"燃气轮机可靠性维护理论及应用 (张会生，周登极编著) (z-library.sk, 1lib.sk, z-lib.sk).pdf",174,False,candidate_lost_too_much_text,0.3692,0.8692,3598,744,3.906,
"燃气轮机可靠性维护理论及应用 (张会生，周登极编著) (z-library.sk, 1lib.sk, z-lib.sk).pdf",187,False,confidence_not_improved_enough,0.4157,0.4263,730,728,4.014,
"燃气轮机可靠性维护理论及应用 (张会生，周登极编著) (z-library.sk, 1lib.sk, z-lib.sk).pdf",189,False,confidence_not_improved_enough,0.4298,0.4304,795,765,4.282,
"燃气轮机可靠性维护理论及应用 (张会生，周登极编著) (z-library.sk, 1lib.sk, z-lib.sk).pdf",190,False,confidence_not_improved_enough,0.4415,0.4472,1050,727,4.235,
"燃气轮机可靠性维护理论及应用 (张会生，周登极编著) (z-library.sk, 1lib.sk, z-lib.sk).pdf",191,True,confidence_improved,0.4017,0.4305,681,641,3.467,
"燃气轮机可靠性维护理论及应用 (张会生，周登极编著) (z-library.sk, 1lib.sk, z-lib.sk).pdf",192,False,confidence_not_improved_enough,0.3906,0.3739,155,6001,3.513,
"燃气轮机可靠性维护理论及应用 (张会生，周登极编著) (z-library.sk, 1lib.sk, z-lib.sk).pdf",193,False,confidence_not_improved_enough,0.404,0.4023,231,805,4.213,
"燃气轮机可靠性维护理论及应用 (张会生，周登极编著) (z-library.sk, 1lib.sk, z-lib.sk).pdf",194,False,confidence_not_improved_enough,0.4324,0.4471,695,750,3.59,
"燃气轮机可靠性维护理论及应用 (张会生，周登极编著) (z-library.sk, 1lib.sk, z-lib.sk).pdf",195,False,confidence_not_improved_enough,0.4268,0.4381,697,725,3.645,
"燃气轮机可靠性维护理论及应用 (张会生，周登极编著) (z-library.sk, 1lib.sk, z-lib.sk).pdf",196,False,confidence_not_improved_enough,0.4267,0.4182,700,741,4.368,
"燃气轮机可靠性维护理论及应用 (张会生，周登极编著) (z-library.sk, 1lib.sk, z-lib.sk).pdf",197,False,confidence_not_improved_enough,0.4284,0.4234,688,753,4.014,
"燃气轮机可靠性维护理论及应用 (张会生，周登极编著) (z-library.sk, 1lib.sk, z-lib.sk).pdf",198,False,confidence_not_improved_enough,0.4066,0.4049,296,273,1.675,
"燃气轮机可靠性维护理论及应用 (张会生，周登极编著) (z-library.sk, 1lib.sk, z-lib.sk).pdf",204,False,candidate_lost_too_much_text,0.3817,0.8951,7367,1131,4.799,
"燃气轮机可靠性维护理论及应用 (张会生，周登极编著) (z-library.sk, 1lib.sk, z-lib.sk).pdf",205,False,confidence_not_improved_enough,0.3857,0.3529,954,982,4.699,
"燃气轮机可靠性维护理论及应用 (张会生，周登极编著) (z-library.sk, 1lib.sk, z-lib.sk).pdf",222,False,confidence_not_improved_enough,0.3784,0.3592,609,413,2.275,
"燃气轮机可靠性维护理论及应用 (张会生，周登极编著) (z-library.sk, 1lib.sk, z-lib.sk).pdf",223,False,confidence_not_improved_enough,0.3997,0.3368,182,944,4.977,
"燃气轮机可靠性维护理论及应用 (张会生，周登极编著) (z-library.sk, 1lib.sk, z-lib.sk).pdf",224,False,confidence_not_improved_enough,0.3515,0.3432,812,750,4.133,
"燃气轮机可靠性维护理论及应用 (张会生，周登极编著) (z-library.sk, 1lib.sk, z-lib.sk).pdf",226,False,confidence_not_improved_enough,0.3744,0.3407,27,856,4.433,
"燃气轮机可靠性维护理论及应用 (张会生，周登极编著) (z-library.sk, 1lib.sk, z-lib.sk).pdf",227,False,confidence_not_improved_enough,0.394,0.3356,17,807,4.288,
"燃气轮机可靠性维护理论及应用 (张会生，周登极编著) (z-library.sk, 1lib.sk, z-lib.sk).pdf",228,False,confidence_not_improved_enough,0.3346,0.295,734,6625,4.358,
"燃气轮机可靠性维护理论及应用 (张会生，周登极编著) (z-library.sk, 1lib.sk, z-lib.sk).pdf",229,False,confidence_not_improved_enough,0.374,0.3685,968,968,4.93,
"燃气轮机可靠性维护理论及应用 (张会生，周登极编著) (z-library.sk, 1lib.sk, z-lib.sk).pdf",230,False,confidence_not_improved_enough,0.3624,0.3577,853,885,4.443,
"燃气轮机可靠性维护理论及应用 (张会生，周登极编著) (z-library.sk, 1lib.sk, z-lib.sk).pdf",232,False,confidence_not_improved_enough,0.3136,0.3061,90,967,4.733,
"燃气轮机可靠性维护理论及应用 (张会生，周登极编著) (z-library.sk, 1lib.sk, z-lib.sk).pdf",233,False,confidence_not_improved_enough,0.4051,0.3518,140,865,3.944,
"燃气轮机可靠性维护理论及应用 (张会生，周登极编著) (z-library.sk, 1lib.sk, z-lib.sk).pdf",234,False,confidence_not_improved_enough,0.3596,0.3404,123,855,4.614,
"燃气轮机可靠性维护理论及应用 (张会生，周登极编著) (z-library.sk, 1lib.sk, z-lib.sk).pdf",235,True,confidence_improved,0.2765,0.2974,923,1085,5.676,
"燃气轮机可靠性维护理论及应用 (张会生，周登极编著) (z-library.sk, 1lib.sk, z-lib.sk).pdf",236,False,confidence_not_improved_enough,0.3187,0.3269,163,812,4.554,
"燃气轮机可靠性维护理论及应用 (张会生，周登极编著) (z-library.sk, 1lib.sk, z-lib.sk).pdf",237,False,confidence_not_improved_enough,0.3896,0.3654,138,772,3.582,
"燃气轮机可靠性维护理论及应用 (张会生，周登极编著) (z-library.sk, 1lib.sk, z-lib.sk).pdf",240,True,confidence_improved,0.3644,0.4156,20,10700,4.018,
"燃气轮机可靠性维护理论及应用 (张会生，周登极编著) (z-library.sk, 1lib.sk, z-lib.sk).pdf",241,True,confidence_improved,0.3133,0.3376,145,941,4.466,
"燃气轮机可靠性维护理论及应用 (张会生，周登极编著) (z-library.sk, 1lib.sk, z-lib.sk).pdf",242,False,confidence_not_improved_enough,0.3813,0.3966,679,589,2.656,
"燃气轮机可靠性维护理论及应用 (张会生，周登极编著) (z-library.sk, 1lib.sk, z-lib.sk).pdf",244,False,confidence_not_improved_enough,0.4258,0.3891,150,868,4.359,
"燃气轮机可靠性维护理论及应用 (张会生，周登极编著) (z-library.sk, 1lib.sk, z-lib.sk).pdf",245,False,confidence_not_improved_enough,0.4193,0.3979,13,862,3.712,
"燃气轮机可靠性维护理论及应用 (张会生，周登极编著) (z-library.sk, 1lib.sk, z-lib.sk).pdf",247,False,confidence_not_improved_enough,0.3927,0.3671,18,729,2.9,
"美国飞机燃气涡轮发动机发展史 (James St. Peter) (z-library.sk, 1lib.sk, z-lib.sk).pdf",25,True,confidence_improved,0.1963,0.3813,58,70,1.9,
"美国飞机燃气涡轮发动机发展史 (James St. Peter) (z-library.sk, 1lib.sk, z-lib.sk).pdf",30,True,confidence_improved,0.2408,0.3176,78,156,2.454,
"美国飞机燃气涡轮发动机发展史 (James St. Peter) (z-library.sk, 1lib.sk, z-lib.sk).pdf",40,False,candidate_lost_too_much_text,0.3378,0.8373,7631,557,3.273,
"美国飞机燃气涡轮发动机发展史 (James St. Peter) (z-library.sk, 1lib.sk, z-lib.sk).pdf",88,False,confidence_not_improved_enough,0.422,0.2876,23,32,1.025,
"美国飞机燃气涡轮发动机发展史 (James St. Peter) (z-library.sk, 1lib.sk, z-lib.sk).pdf",90,False,confidence_not_improved_enough,0.3029,0.2692,10,31,1.265,
"美国飞机燃气涡轮发动机发展史 (James St. Peter) (z-library.sk, 1lib.sk, z-lib.sk).pdf",115,False,candidate_lost_too_much_text,0.3788,0.8427,2341,711,2.248,
"美国飞机燃气涡轮发动机发展史 (James St. Peter) (z-library.sk, 1lib.sk, z-lib.sk).pdf",116,False,candidate_empty,0.0,0.0,0,0,0.506,
"美国飞机燃气涡轮发动机发展史 (James St. Peter) (z-library.sk, 1lib.sk, z-lib.sk).pdf",127,False,candidate_lost_too_much_text,0.3155,0.8305,12167,595,2.74,
"美国飞机燃气涡轮发动机发展史 (James St. Peter) (z-library.sk, 1lib.sk, z-lib.sk).pdf",162,False,confidence_not_improved_enough,0.3438,0.2874,56,159,2.374,
"美国飞机燃气涡轮发动机发展史 (James St. Peter) (z-library.sk, 1lib.sk, z-lib.sk).pdf",192,True,confidence_improved,0.4137,0.4347,31,51,1.434,
"美国飞机燃气涡轮发动机发展史 (James St. Peter) (z-library.sk, 1lib.sk, z-lib.sk).pdf",194,False,confidence_not_improved_enough,0.3431,0.3594,48,114,1.536,
"美国飞机燃气涡轮发动机发展史 (James St. Peter) (z-library.sk, 1lib.sk, z-lib.sk).pdf",219,False,candidate_lost_too_much_text,0.4083,0.8158,5290,2791,4.631,
"美国飞机燃气涡轮发动机发展史 (James St. Peter) (z-library.sk, 1lib.sk, z-lib.sk).pdf",222,True,confidence_improved,0.2115,0.2988,49,113,1.518,
"美国飞机燃气涡轮发动机发展史 (James St. Peter) (z-library.sk, 1lib.sk, z-lib.sk).pdf",238,False,candidate_lost_too_much_text,0.3327,0.8478,3419,1104,2.004,
"美国飞机燃气涡轮发动机发展史 (James St. Peter) (z-library.sk, 1lib.sk, z-lib.sk).pdf",240,False,confidence_not_improved_enough,0.2776,0.2739,106,109,1.859,
"美国飞机燃气涡轮发动机发展史 (James St. Peter) (z-library.sk, 1lib.sk, z-lib.sk).pdf",244,False,candidate_lost_too_much_text,0.4139,0.8956,16742,907,4.299,
"美国飞机燃气涡轮发动机发展史 (James St. Peter) (z-library.sk, 1lib.sk, z-lib.sk).pdf",266,True,confidence_improved,0.3529,0.3773,120,122,1.381,
"美国飞机燃气涡轮发动机发展史 (James St. Peter) (z-library.sk, 1lib.sk, z-lib.sk).pdf",286,False,confidence_not_improved_enough,0.2928,0.2538,77,139,2.362,
"美国飞机燃气涡轮发动机发展史 (James St. Peter) (z-library.sk, 1lib.sk, z-lib.sk).pdf",324,False,candidate_lost_too_much_text,0.3806,0.384,80,36,1.022,
"美国飞机燃气涡轮发动机发展史 (James St. Peter) (z-library.sk, 1lib.sk, z-lib.sk).pdf",347,False,candidate_lost_too_much_text,0.1872,0.8993,11415,590,3.012,
"美国飞机燃气涡轮发动机发展史 (James St. Peter) (z-library.sk, 1lib.sk, z-lib.sk).pdf",372,False,confidence_not_improved_enough,0.4204,0.2321,25,49,0.618,
"美国飞机燃气涡轮发动机发展史 (James St. Peter) (z-library.sk, 1lib.sk, z-lib.sk).pdf",374,False,confidence_not_improved_enough,0.3607,0.3249,64,124,1.801,
"美国飞机燃气涡轮发动机发展史 (James St. Peter) (z-library.sk, 1lib.sk, z-lib.sk).pdf",416,True,confidence_improved,0.2489,0.3818,75,2264,2.303,
"美国飞机燃气涡轮发动机发展史 (James St. Peter) (z-library.sk, 1lib.sk, z-lib.sk).pdf",443,False,candidate_lost_too_much_text,0.292,0.8016,10817,2325,3.539,
"美国飞机燃气涡轮发动机发展史 (James St. Peter) (z-library.sk, 1lib.sk, z-lib.sk).pdf",445,False,candidate_empty,0.0,0.0,0,0,0.759,
"美国飞机燃气涡轮发动机发展史 (James St. Peter) (z-library.sk, 1lib.sk, z-lib.sk).pdf",446,False,confidence_not_improved_enough,0.3158,0.3027,67,1730,2.996,
"美国飞机燃气涡轮发动机发展史 (James St. Peter) (z-library.sk, 1lib.sk, z-lib.sk).pdf",449,False,candidate_lost_too_much_text,0.4474,0.9019,18427,919,4.264,
"美国飞机燃气涡轮发动机发展史 (James St. Peter) (z-library.sk, 1lib.sk, z-lib.sk).pdf",474,True,confidence_improved,0.232,0.2666,96,190,2.87,
"美国飞机燃气涡轮发动机发展史 (James St. Peter) (z-library.sk, 1lib.sk, z-lib.sk).pdf",496,True,confidence_improved,0.2843,0.3285,107,144,1.847,
"美国飞机燃气涡轮发动机发展史 (James St. Peter) (z-library.sk, 1lib.sk, z-lib.sk).pdf",524,False,confidence_not_improved_enough,0.4067,0.3348,27,44,0.685,
"美国飞机燃气涡轮发动机发展史 (James St. Peter) (z-library.sk, 1lib.sk, z-lib.sk).pdf",526,False,confidence_not_improved_enough,0.3353,0.2312,77,86,2.488,
"美国飞机燃气涡轮发动机发展史 (James St. Peter) (z-library.sk, 1lib.sk, z-lib.sk).pdf",549,False,candidate_lost_too_much_text,0.2258,0.7809,1150,451,1.211,
"美国飞机燃气涡轮发动机发展史 (James St. Peter) (z-library.sk, 1lib.sk, z-lib.sk).pdf",550,True,confidence_improved,0.3458,0.3877,33,35,0.748,
"美国飞机燃气涡轮发动机发展史 (James St. Peter) (z-library.sk, 1lib.sk, z-lib.sk).pdf",552,True,confidence_improved,0.2773,0.3866,55,73,1.476,
"美国飞机燃气涡轮发动机发展史 (James St. Peter) (z-library.sk, 1lib.sk, z-lib.sk).pdf",555,False,candidate_lost_too_much_text,0.3987,0.908,7105,898,3.833,
"美国飞机燃气涡轮发动机发展史 (James St. Peter) (z-library.sk, 1lib.sk, z-lib.sk).pdf",560,False,candidate_lost_too_much_text,0.4318,0.9023,4547,733,3.471,
"美国飞机燃气涡轮发动机发展史 (James St. Peter) (z-library.sk, 1lib.sk, z-lib.sk).pdf",562,True,confidence_improved,0.3338,0.8814,4817,3482,3.684,
"美国飞机燃气涡轮发动机发展史 (James St. Peter) (z-library.sk, 1lib.sk, z-lib.sk).pdf",585,False,candidate_lost_too_much_text,0.3204,0.848,8024,3159,2.524,
"美国飞机燃气涡轮发动机发展史 (James St. Peter) (z-library.sk, 1lib.sk, z-lib.sk).pdf",590,True,confidence_improved,0.2001,0.2335,79,138,3.055,
"美国飞机燃气涡轮发动机发展史 (James St. Peter) (z-library.sk, 1lib.sk, z-lib.sk).pdf",611,False,candidate_empty,0.0,0.0,0,0,0.997,
"美国飞机燃气涡轮发动机发展史 (James St. Peter) (z-library.sk, 1lib.sk, z-lib.sk).pdf",616,False,candidate_lost_too_much_text,0.4474,0.9099,15475,803,3.67,
"美国飞机燃气涡轮发动机发展史 (James St. Peter) (z-library.sk, 1lib.sk, z-lib.sk).pdf",653,False,candidate_lost_too_much_text,0.2969,0.8862,3067,392,2.419,
"美国飞机燃气涡轮发动机发展史 (James St. Peter) (z-library.sk, 1lib.sk, z-lib.sk).pdf",656,False,candidate_lost_too_much_text,0.4291,0.4492,384,200,2.178,
"美国飞机燃气涡轮发动机发展史 (James St. Peter) (z-library.sk, 1lib.sk, z-lib.sk).pdf",682,False,candidate_lost_too_much_text,0.3836,0.8995,1087,485,2.085,
"美国飞机燃气涡轮发动机发展史 (James St. Peter) (z-library.sk, 1lib.sk, z-lib.sk).pdf",700,False,candidate_lost_too_much_text,0.4138,0.8994,4130,533,1.97,
"美国飞机燃气涡轮发动机发展史 (James St. Peter) (z-library.sk, 1lib.sk, z-lib.sk).pdf",742,False,candidate_lost_too_much_text,0.3446,0.8789,7306,457,1.836,
"美国飞机燃气涡轮发动机发展史 (James St. Peter) (z-library.sk, 1lib.sk, z-lib.sk).pdf",785,True,confidence_improved,0.4378,0.4605,186,197,1.994,
"航空燃气轮机涡轮气体动力学：流动机理及气动设计=TURBINE AERODYNAMICS FOR AERO-ENGINE：FLOW ANALYSIS AND AERODYNAMICS DESIGN (邹正平，王松涛，刘火星，杨策，张... (z-library.sk, 1lib.sk, z-lib.sk).pdf",8,False,candidate_lost_too_much_text,0.4334,0.8146,3634,520,3.107,
"航空燃气轮机涡轮气体动力学：流动机理及气动设计=TURBINE AERODYNAMICS FOR AERO-ENGINE：FLOW ANALYSIS AND AERODYNAMICS DESIGN (邹正平，王松涛，刘火星，杨策，张... (z-library.sk, 1lib.sk, z-lib.sk).pdf",30,False,candidate_lost_too_much_text,0.3347,0.6751,7016,772,3.61,
"航空燃气轮机涡轮气体动力学：流动机理及气动设计=TURBINE AERODYNAMICS FOR AERO-ENGINE：FLOW ANALYSIS AND AERODYNAMICS DESIGN (邹正平，王松涛，刘火星，杨策，张... (z-library.sk, 1lib.sk, z-lib.sk).pdf",38,False,candidate_lost_too_much_text,0.2756,0.6581,5245,598,3.052,
"航空燃气轮机涡轮气体动力学：流动机理及气动设计=TURBINE AERODYNAMICS FOR AERO-ENGINE：FLOW ANALYSIS AND AERODYNAMICS DESIGN (邹正平，王松涛，刘火星，杨策，张... (z-library.sk, 1lib.sk, z-lib.sk).pdf",63,False,candidate_lost_too_much_text,0.3629,0.5507,10336,501,3.105,
"航空燃气轮机涡轮气体动力学：流动机理及气动设计=TURBINE AERODYNAMICS FOR AERO-ENGINE：FLOW ANALYSIS AND AERODYNAMICS DESIGN (邹正平，王松涛，刘火星，杨策，张... (z-library.sk, 1lib.sk, z-lib.sk).pdf",76,False,candidate_lost_too_much_text,0.2618,0.7939,17605,1062,6.474,
"航空燃气轮机涡轮气体动力学：流动机理及气动设计=TURBINE AERODYNAMICS FOR AERO-ENGINE：FLOW ANALYSIS AND AERODYNAMICS DESIGN (邹正平，王松涛，刘火星，杨策，张... (z-library.sk, 1lib.sk, z-lib.sk).pdf",79,False,candidate_lost_too_much_text,0.4328,0.7301,3223,705,3.644,
"航空燃气轮机涡轮气体动力学：流动机理及气动设计=TURBINE AERODYNAMICS FOR AERO-ENGINE：FLOW ANALYSIS AND AERODYNAMICS DESIGN (邹正平，王松涛，刘火星，杨策，张... (z-library.sk, 1lib.sk, z-lib.sk).pdf",98,False,candidate_lost_too_much_text,0.3059,0.724,6073,743,4.058,
"航空燃气轮机涡轮气体动力学：流动机理及气动设计=TURBINE AERODYNAMICS FOR AERO-ENGINE：FLOW ANALYSIS AND AERODYNAMICS DESIGN (邹正平，王松涛，刘火星，杨策，张... (z-library.sk, 1lib.sk, z-lib.sk).pdf",112,False,candidate_lost_too_much_text,0.4206,0.8288,4790,959,4.338,
"航空燃气轮机涡轮气体动力学：流动机理及气动设计=TURBINE AERODYNAMICS FOR AERO-ENGINE：FLOW ANALYSIS AND AERODYNAMICS DESIGN (邹正平，王松涛，刘火星，杨策，张... (z-library.sk, 1lib.sk, z-lib.sk).pdf",155,True,confidence_improved,0.4489,0.5224,330,314,1.951,
"航空燃气轮机涡轮气体动力学：流动机理及气动设计=TURBINE AERODYNAMICS FOR AERO-ENGINE：FLOW ANALYSIS AND AERODYNAMICS DESIGN (邹正平，王松涛，刘火星，杨策，张... (z-library.sk, 1lib.sk, z-lib.sk).pdf",178,False,candidate_lost_too_much_text,0.4128,0.5247,10167,888,4.716,
"航空燃气轮机涡轮气体动力学：流动机理及气动设计=TURBINE AERODYNAMICS FOR AERO-ENGINE：FLOW ANALYSIS AND AERODYNAMICS DESIGN (邹正平，王松涛，刘火星，杨策，张... (z-library.sk, 1lib.sk, z-lib.sk).pdf",185,False,candidate_lost_too_much_text,0.4265,0.9068,11086,1345,6.447,
"航空燃气轮机涡轮气体动力学：流动机理及气动设计=TURBINE AERODYNAMICS FOR AERO-ENGINE：FLOW ANALYSIS AND AERODYNAMICS DESIGN (邹正平，王松涛，刘火星，杨策，张... (z-library.sk, 1lib.sk, z-lib.sk).pdf",192,True,confidence_improved,0.3686,0.8764,7226,15436,5.907,
"航空燃气轮机涡轮气体动力学：流动机理及气动设计=TURBINE AERODYNAMICS FOR AERO-ENGINE：FLOW ANALYSIS AND AERODYNAMICS DESIGN (邹正平，王松涛，刘火星，杨策，张... (z-library.sk, 1lib.sk, z-lib.sk).pdf",200,True,confidence_improved,0.3278,0.7392,7609,11078,3.648,
"航空燃气轮机涡轮气体动力学：流动机理及气动设计=TURBINE AERODYNAMICS FOR AERO-ENGINE：FLOW ANALYSIS AND AERODYNAMICS DESIGN (邹正平，王松涛，刘火星，杨策，张... (z-library.sk, 1lib.sk, z-lib.sk).pdf",207,True,confidence_improved,0.4467,0.5439,593,642,2.735,
"航空燃气轮机涡轮气体动力学：流动机理及气动设计=TURBINE AERODYNAMICS FOR AERO-ENGINE：FLOW ANALYSIS AND AERODYNAMICS DESIGN (邹正平，王松涛，刘火星，杨策，张... (z-library.sk, 1lib.sk, z-lib.sk).pdf",237,False,candidate_lost_too_much_text,0.3469,0.7885,5679,670,3.563,
"航空燃气轮机涡轮气体动力学：流动机理及气动设计=TURBINE AERODYNAMICS FOR AERO-ENGINE：FLOW ANALYSIS AND AERODYNAMICS DESIGN (邹正平，王松涛，刘火星，杨策，张... (z-library.sk, 1lib.sk, z-lib.sk).pdf",269,False,candidate_lost_too_much_text,0.3754,0.7995,9203,963,4.39,
"航空燃气轮机涡轮气体动力学：流动机理及气动设计=TURBINE AERODYNAMICS FOR AERO-ENGINE：FLOW ANALYSIS AND AERODYNAMICS DESIGN (邹正平，王松涛，刘火星，杨策，张... (z-library.sk, 1lib.sk, z-lib.sk).pdf",277,False,candidate_lost_too_much_text,0.4113,0.705,5384,752,3.525,
"航空燃气轮机涡轮气体动力学：流动机理及气动设计=TURBINE AERODYNAMICS FOR AERO-ENGINE：FLOW ANALYSIS AND AERODYNAMICS DESIGN (邹正平，王松涛，刘火星，杨策，张... (z-library.sk, 1lib.sk, z-lib.sk).pdf",292,False,candidate_lost_too_much_text,0.2989,0.7146,2377,584,2.448,
"航空燃气轮机涡轮气体动力学：流动机理及气动设计=TURBINE AERODYNAMICS FOR AERO-ENGINE：FLOW ANALYSIS AND AERODYNAMICS DESIGN (邹正平，王松涛，刘火星，杨策，张... (z-library.sk, 1lib.sk, z-lib.sk).pdf",293,False,candidate_lost_too_much_text,0.2414,0.752,8875,830,3.549,
"航空燃气轮机涡轮气体动力学：流动机理及气动设计=TURBINE AERODYNAMICS FOR AERO-ENGINE：FLOW ANALYSIS AND AERODYNAMICS DESIGN (邹正平，王松涛，刘火星，杨策，张... (z-library.sk, 1lib.sk, z-lib.sk).pdf",301,False,candidate_lost_too_much_text,0.3272,0.6877,8638,599,2.564,
"航空燃气轮机涡轮气体动力学：流动机理及气动设计=TURBINE AERODYNAMICS FOR AERO-ENGINE：FLOW ANALYSIS AND AERODYNAMICS DESIGN (邹正平，王松涛，刘火星，杨策，张... (z-library.sk, 1lib.sk, z-lib.sk).pdf",309,True,confidence_improved,0.3735,0.8776,14568,11793,4.614,
"航空燃气轮机涡轮气体动力学：流动机理及气动设计=TURBINE AERODYNAMICS FOR AERO-ENGINE：FLOW ANALYSIS AND AERODYNAMICS DESIGN (邹正平，王松涛，刘火星，杨策，张... (z-library.sk, 1lib.sk, z-lib.sk).pdf",322,False,candidate_lost_too_much_text,0.4489,0.8313,5603,1108,5.266,
"航空燃气轮机涡轮气体动力学：流动机理及气动设计=TURBINE AERODYNAMICS FOR AERO-ENGINE：FLOW ANALYSIS AND AERODYNAMICS DESIGN (邹正平，王松涛，刘火星，杨策，张... (z-library.sk, 1lib.sk, z-lib.sk).pdf",328,True,confidence_improved,0.4038,0.7011,4940,21644,5.031,
"航空燃气轮机涡轮气体动力学：流动机理及气动设计=TURBINE AERODYNAMICS FOR AERO-ENGINE：FLOW ANALYSIS AND AERODYNAMICS DESIGN (邹正平，王松涛，刘火星，杨策，张... (z-library.sk, 1lib.sk, z-lib.sk).pdf",371,False,confidence_not_improved_enough,0.3676,0.377,796,777,5.108,
"航空燃气轮机涡轮气体动力学：流动机理及气动设计=TURBINE AERODYNAMICS FOR AERO-ENGINE：FLOW ANALYSIS AND AERODYNAMICS DESIGN (邹正平，王松涛，刘火星，杨策，张... (z-library.sk, 1lib.sk, z-lib.sk).pdf",415,False,candidate_lost_too_much_text,0.3666,0.8211,10032,1024,4.677,
"航空燃气轮机涡轮气体动力学：流动机理及气动设计=TURBINE AERODYNAMICS FOR AERO-ENGINE：FLOW ANALYSIS AND AERODYNAMICS DESIGN (邹正平，王松涛，刘火星，杨策，张... (z-library.sk, 1lib.sk, z-lib.sk).pdf",416,False,candidate_lost_too_much_text,0.2952,0.8292,11978,903,3.973,
"航空燃气轮机涡轮气体动力学：流动机理及气动设计=TURBINE AERODYNAMICS FOR AERO-ENGINE：FLOW ANALYSIS AND AERODYNAMICS DESIGN (邹正平，王松涛，刘火星，杨策，张... (z-library.sk, 1lib.sk, z-lib.sk).pdf",420,False,candidate_lost_too_much_text,0.3803,0.7841,4898,633,3.114,
"航空燃气轮机涡轮气体动力学：流动机理及气动设计=TURBINE AERODYNAMICS FOR AERO-ENGINE：FLOW ANALYSIS AND AERODYNAMICS DESIGN (邹正平，王松涛，刘火星，杨策，张... (z-library.sk, 1lib.sk, z-lib.sk).pdf",443,False,candidate_lost_too_much_text,0.2209,0.8413,7986,809,3.375,
"航空燃气轮机涡轮气体动力学：流动机理及气动设计=TURBINE AERODYNAMICS FOR AERO-ENGINE：FLOW ANALYSIS AND AERODYNAMICS DESIGN (邹正平，王松涛，刘火星，杨策，张... (z-library.sk, 1lib.sk, z-lib.sk).pdf",448,True,confidence_improved,0.4305,0.8231,2425,6160,3.86,
"航空燃气轮机涡轮气体动力学：流动机理及气动设计=TURBINE AERODYNAMICS FOR AERO-ENGINE：FLOW ANALYSIS AND AERODYNAMICS DESIGN (邹正平，王松涛，刘火星，杨策，张... (z-library.sk, 1lib.sk, z-lib.sk).pdf",453,False,candidate_lost_too_much_text,0.4416,0.76,3877,667,3.326,
"航空燃气轮机涡轮气体动力学：流动机理及气动设计=TURBINE AERODYNAMICS FOR AERO-ENGINE：FLOW ANALYSIS AND AERODYNAMICS DESIGN (邹正平，王松涛，刘火星，杨策，张... (z-library.sk, 1lib.sk, z-lib.sk).pdf",472,False,candidate_lost_too_much_text,0.3403,0.7849,19856,820,3.682,
"航空燃气轮机涡轮气体动力学：流动机理及气动设计=TURBINE AERODYNAMICS FOR AERO-ENGINE：FLOW ANALYSIS AND AERODYNAMICS DESIGN (邹正平，王松涛，刘火星，杨策，张... (z-library.sk, 1lib.sk, z-lib.sk).pdf",506,False,candidate_lost_too_much_text,0.4459,0.7995,10766,900,3.91,
"航空燃气轮机涡轮气体动力学：流动机理及气动设计=TURBINE AERODYNAMICS FOR AERO-ENGINE：FLOW ANALYSIS AND AERODYNAMICS DESIGN (邹正平，王松涛，刘火星，杨策，张... (z-library.sk, 1lib.sk, z-lib.sk).pdf",512,False,candidate_lost_too_much_text,0.4269,0.8976,6955,1249,5.454,
