id,subject,subject_type,predicate,object,object_type,evidence,source_file,source_page,source_chunk_id,confidence,rule_name,layout_order_risk
FBKG-0001,燃气轮机,Equipment,HAS_COMPONENT,压气机,Component,"本书主要叙述了人燃气轮机及其组成部件一一压气机、燃烧室和透平的工作原理、设计特点及其试验、变工况性能和结构,以及调节控制联合循环和应用等","燃气轮机原理、结构与应用 上 (沈阳黎明航空发动机（集团）有限责任公司编著) (z-library.sk, 1lib.sk, z-lib.sk).pdf",4,03_燃气轮机原理结构与应用_上-p0004-s01,0.72,component_cooccurs_with_structure_trigger,high
FBKG-0002,燃气轮机,Equipment,HAS_COMPONENT,燃烧室,Component,"本书主要叙述了人燃气轮机及其组成部件一一压气机、燃烧室和透平的工作原理、设计特点及其试验、变工况性能和结构,以及调节控制联合循环和应用等","燃气轮机原理、结构与应用 上 (沈阳黎明航空发动机（集团）有限责任公司编著) (z-library.sk, 1lib.sk, z-lib.sk).pdf",4,03_燃气轮机原理结构与应用_上-p0004-s01,0.72,component_cooccurs_with_structure_trigger,high
FBKG-0003,燃气轮机,Equipment,HAS_COMPONENT,透平,Component,"本书主要叙述了人燃气轮机及其组成部件一一压气机、燃烧室和透平的工作原理、设计特点及其试验、变工况性能和结构,以及调节控制联合循环和应用等","燃气轮机原理、结构与应用 上 (沈阳黎明航空发动机（集团）有限责任公司编著) (z-library.sk, 1lib.sk, z-lib.sk).pdf",4,03_燃气轮机原理结构与应用_上-p0004-s01,0.72,component_cooccurs_with_structure_trigger,high
FBKG-0004,燃气轮机,Equipment,IMPROVED_BY,联合循环,Method,"本书主要叙述了人燃气轮机及其组成部件一一压气机、燃烧室和透平的工作原理、设计特点及其试验、变工况性能和结构,以及调节控制联合循环和应用等","燃气轮机原理、结构与应用 上 (沈阳黎明航空发动机（集团）有限责任公司编著) (z-library.sk, 1lib.sk, z-lib.sk).pdf",4,03_燃气轮机原理结构与应用_上-p0004-s01,0.72,method_with_improve_or_reduce_trigger,high
FBKG-0005,压气机,Equipment,HAS_COMPONENT,涡轮,Component,中文版序燃气涌轮发动机主灼烧室是洪气涡轮发动机核心机的主要部件之一，将压气机压缩后的空气与江油充分混合、燃烧，将燃料中的化学能转化为热能,"燃气涡轮发动机燃烧 第3版 (（英）A.H.勒菲沃（Arthur etc.) (z-library.sk, 1lib.sk, z-lib.sk).pdf",9,01_燃气涡轮发动机燃烧_第3版-p0009-s00,0.8,component_cooccurs_with_structure_trigger,low
FBKG-0006,燃气轮机,Equipment,HAS_COMPONENT,压气机,Component,"此外,书中注意跟踪当今燃气轮机的新技术成就,介绍了先进的大功率燃气轮机和联合循环,新的航机改型机组,与高速发电机设计成整体的微型燃气轮机,压气机的可控扩压叶型,单轴燃气轮机型式的压气机全尺寸性能试验方法,干式低污染排放燃烧室,透平叶片的蒸汽闭环冷却和高效率的弯扭叶片,刷子气封,MARK$V控制系统,新的热力循环,以及燃气轮机在各应用部门中的新进展等,使读者能了解当今燃气轮机的发展水平","燃气轮机原理、结构与应用 上 (沈阳黎明航空发动机（集团）有限责任公司编著) (z-library.sk, 1lib.sk, z-lib.sk).pdf",4,03_燃气轮机原理结构与应用_上-p0004-s04,0.72,component_cooccurs_with_structure_trigger,high
FBKG-0007,燃气轮机,Equipment,HAS_COMPONENT,燃烧室,Component,"此外,书中注意跟踪当今燃气轮机的新技术成就,介绍了先进的大功率燃气轮机和联合循环,新的航机改型机组,与高速发电机设计成整体的微型燃气轮机,压气机的可控扩压叶型,单轴燃气轮机型式的压气机全尺寸性能试验方法,干式低污染排放燃烧室,透平叶片的蒸汽闭环冷却和高效率的弯扭叶片,刷子气封,MARK$V控制系统,新的热力循环,以及燃气轮机在各应用部门中的新进展等,使读者能了解当今燃气轮机的发展水平","燃气轮机原理、结构与应用 上 (沈阳黎明航空发动机（集团）有限责任公司编著) (z-library.sk, 1lib.sk, z-lib.sk).pdf",4,03_燃气轮机原理结构与应用_上-p0004-s04,0.72,component_cooccurs_with_structure_trigger,high
FBKG-0008,燃气轮机,Equipment,HAS_COMPONENT,叶片,Component,"此外,书中注意跟踪当今燃气轮机的新技术成就,介绍了先进的大功率燃气轮机和联合循环,新的航机改型机组,与高速发电机设计成整体的微型燃气轮机,压气机的可控扩压叶型,单轴燃气轮机型式的压气机全尺寸性能试验方法,干式低污染排放燃烧室,透平叶片的蒸汽闭环冷却和高效率的弯扭叶片,刷子气封,MARK$V控制系统,新的热力循环,以及燃气轮机在各应用部门中的新进展等,使读者能了解当今燃气轮机的发展水平","燃气轮机原理、结构与应用 上 (沈阳黎明航空发动机（集团）有限责任公司编著) (z-library.sk, 1lib.sk, z-lib.sk).pdf",4,03_燃气轮机原理结构与应用_上-p0004-s04,0.72,component_cooccurs_with_structure_trigger,high
FBKG-0009,燃气轮机,Equipment,HAS_COMPONENT,透平,Component,"此外,书中注意跟踪当今燃气轮机的新技术成就,介绍了先进的大功率燃气轮机和联合循环,新的航机改型机组,与高速发电机设计成整体的微型燃气轮机,压气机的可控扩压叶型,单轴燃气轮机型式的压气机全尺寸性能试验方法,干式低污染排放燃烧室,透平叶片的蒸汽闭环冷却和高效率的弯扭叶片,刷子气封,MARK$V控制系统,新的热力循环,以及燃气轮机在各应用部门中的新进展等,使读者能了解当今燃气轮机的发展水平","燃气轮机原理、结构与应用 上 (沈阳黎明航空发动机（集团）有限责任公司编著) (z-library.sk, 1lib.sk, z-lib.sk).pdf",4,03_燃气轮机原理结构与应用_上-p0004-s04,0.72,component_cooccurs_with_structure_trigger,high
FBKG-0010,燃气轮机,Equipment,HAS_PARAMETER,功率,Parameter,"此外,书中注意跟踪当今燃气轮机的新技术成就,介绍了先进的大功率燃气轮机和联合循环,新的航机改型机组,与高速发电机设计成整体的微型燃气轮机,压气机的可控扩压叶型,单轴燃气轮机型式的压气机全尺寸性能试验方法,干式低污染排放燃烧室,透平叶片的蒸汽闭环冷却和高效率的弯扭叶片,刷子气封,MARK$V控制系统,新的热力循环,以及燃气轮机在各应用部门中的新进展等,使读者能了解当今燃气轮机的发展水平","燃气轮机原理、结构与应用 上 (沈阳黎明航空发动机（集团）有限责任公司编著) (z-library.sk, 1lib.sk, z-lib.sk).pdf",4,03_燃气轮机原理结构与应用_上-p0004-s04,0.7,parameter_term_or_value,high
FBKG-0011,燃气轮机,Equipment,HAS_PARAMETER,排放,Parameter,"此外,书中注意跟踪当今燃气轮机的新技术成就,介绍了先进的大功率燃气轮机和联合循环,新的航机改型机组,与高速发电机设计成整体的微型燃气轮机,压气机的可控扩压叶型,单轴燃气轮机型式的压气机全尺寸性能试验方法,干式低污染排放燃烧室,透平叶片的蒸汽闭环冷却和高效率的弯扭叶片,刷子气封,MARK$V控制系统,新的热力循环,以及燃气轮机在各应用部门中的新进展等,使读者能了解当今燃气轮机的发展水平","燃气轮机原理、结构与应用 上 (沈阳黎明航空发动机（集团）有限责任公司编著) (z-library.sk, 1lib.sk, z-lib.sk).pdf",4,03_燃气轮机原理结构与应用_上-p0004-s04,0.7,parameter_term_or_value,high
FBKG-0012,燃气轮机,Equipment,HAS_PROBLEM,排放,Problem,"此外,书中注意跟踪当今燃气轮机的新技术成就,介绍了先进的大功率燃气轮机和联合循环,新的航机改型机组,与高速发电机设计成整体的微型燃气轮机,压气机的可控扩压叶型,单轴燃气轮机型式的压气机全尺寸性能试验方法,干式低污染排放燃烧室,透平叶片的蒸汽闭环冷却和高效率的弯扭叶片,刷子气封,MARK$V控制系统,新的热力循环,以及燃气轮机在各应用部门中的新进展等,使读者能了解当今燃气轮机的发展水平","燃气轮机原理、结构与应用 上 (沈阳黎明航空发动机（集团）有限责任公司编著) (z-library.sk, 1lib.sk, z-lib.sk).pdf",4,03_燃气轮机原理结构与应用_上-p0004-s04,0.7,problem_term_in_context,high
FBKG-0013,燃气轮机,Equipment,HAS_PROBLEM,污染,Problem,"此外,书中注意跟踪当今燃气轮机的新技术成就,介绍了先进的大功率燃气轮机和联合循环,新的航机改型机组,与高速发电机设计成整体的微型燃气轮机,压气机的可控扩压叶型,单轴燃气轮机型式的压气机全尺寸性能试验方法,干式低污染排放燃烧室,透平叶片的蒸汽闭环冷却和高效率的弯扭叶片,刷子气封,MARK$V控制系统,新的热力循环,以及燃气轮机在各应用部门中的新进展等,使读者能了解当今燃气轮机的发展水平","燃气轮机原理、结构与应用 上 (沈阳黎明航空发动机（集团）有限责任公司编著) (z-library.sk, 1lib.sk, z-lib.sk).pdf",4,03_燃气轮机原理结构与应用_上-p0004-s04,0.7,problem_term_in_context,high
FBKG-0014,功率,Parameter,IMPROVED_BY,联合循环,Method,"此外,书中注意跟踪当今燃气轮机的新技术成就,介绍了先进的大功率燃气轮机和联合循环,新的航机改型机组,与高速发电机设计成整体的微型燃气轮机,压气机的可控扩压叶型,单轴燃气轮机型式的压气机全尺寸性能试验方法,干式低污染排放燃烧室,透平叶片的蒸汽闭环冷却和高效率的弯扭叶片,刷子气封,MARK$V控制系统,新的热力循环,以及燃气轮机在各应用部门中的新进展等,使读者能了解当今燃气轮机的发展水平","燃气轮机原理、结构与应用 上 (沈阳黎明航空发动机（集团）有限责任公司编著) (z-library.sk, 1lib.sk, z-lib.sk).pdf",4,03_燃气轮机原理结构与应用_上-p0004-s04,0.72,method_with_improve_or_reduce_trigger,high
FBKG-0015,功率,Parameter,IMPROVED_BY,冷却,Method,"此外,书中注意跟踪当今燃气轮机的新技术成就,介绍了先进的大功率燃气轮机和联合循环,新的航机改型机组,与高速发电机设计成整体的微型燃气轮机,压气机的可控扩压叶型,单轴燃气轮机型式的压气机全尺寸性能试验方法,干式低污染排放燃烧室,透平叶片的蒸汽闭环冷却和高效率的弯扭叶片,刷子气封,MARK$V控制系统,新的热力循环,以及燃气轮机在各应用部门中的新进展等,使读者能了解当今燃气轮机的发展水平","燃气轮机原理、结构与应用 上 (沈阳黎明航空发动机（集团）有限责任公司编著) (z-library.sk, 1lib.sk, z-lib.sk).pdf",4,03_燃气轮机原理结构与应用_上-p0004-s04,0.72,method_with_improve_or_reduce_trigger,high
FBKG-0016,燃气轮机,Equipment,RELATED_TO,联合循环 / 功率,Method,"此外,书中注意跟踪当今燃气轮机的新技术成就,介绍了先进的大功率燃气轮机和联合循环,新的航机改型机组,与高速发电机设计成整体的微型燃气轮机,压气机的可控扩压叶型,单轴燃气轮机型式的压气机全尺寸性能试验方法,干式低污染排放燃烧室,透平叶片的蒸汽闭环冷却和高效率的弯扭叶片,刷子气封,MARK$V控制系统,新的热力循环,以及燃气轮机在各应用部门中的新进展等,使读者能了解当今燃气轮机的发展水平","燃气轮机原理、结构与应用 上 (沈阳黎明航空发动机（集团）有限责任公司编著) (z-library.sk, 1lib.sk, z-lib.sk).pdf",4,03_燃气轮机原理结构与应用_上-p0004-s04,0.58,three_way_domain_cooccurrence,high
FBKG-0017,燃烧室,Equipment,HAS_PROBLEM,氧化,Problem,燃烧室内涉及了放流、回流、燃料/空气射流、燃料雾化、藻发、注流燃烧、置烟的生成/氧化，以及对流和辐射换热等多种复杂的物理和化学过程，而这些单一过程又相互烛合和干拢,"燃气涡轮发动机燃烧 第3版 (（英）A.H.勒菲沃（Arthur etc.) (z-library.sk, 1lib.sk, z-lib.sk).pdf",9,01_燃气涡轮发动机燃烧_第3版-p0009-s01,0.77,problem_term_in_context,low
FBKG-0018,燃烧室,Component,HAS_FUNCTION,将化学能〈燃油加空气)转化为燃烧产物和剩余的未燃空气的热能《温度升高),Property,燃烧室的作用是将化学能〈燃油加空气)转化为燃烧产物和剩余的未燃空气的热能《温度升高),"先进燃气轮机燃烧室=ADVANCED GAS TURBINE COMBUSTOR (金如山，索建秦著) (z-library.sk, 1lib.sk, z-lib.sk).pdf",8,02_先进燃气轮机燃烧室-p0008-s00,0.74,function_marker_作用是,low
FBKG-0019,燃气轮机,Equipment,HAS_PARAMETER,热效率,Parameter,随着技术进步和发展，燃气轮机越来越多地为人们所揭示和了解，它不但具有重量轻、体积小、启动快、运行维护方便、便于集中控制、少用水或不用水的优点，而且随着热效率不断提高和采用燃气-蒸汽联合循环的方式运行，联合循环发电装置的热效率已超过大功率高参数火电机组的水平,"燃气轮机 (南京燃气轮机研究所编) (z-library.sk, 1lib.sk, z-lib.sk).pdf",5,04_燃气轮机_南京燃气轮机研究所编-p0005-s03,0.79,parameter_term_or_value,low
FBKG-0020,燃气轮机,Equipment,HAS_PARAMETER,功率,Parameter,随着技术进步和发展，燃气轮机越来越多地为人们所揭示和了解，它不但具有重量轻、体积小、启动快、运行维护方便、便于集中控制、少用水或不用水的优点，而且随着热效率不断提高和采用燃气-蒸汽联合循环的方式运行，联合循环发电装置的热效率已超过大功率高参数火电机组的水平,"燃气轮机 (南京燃气轮机研究所编) (z-library.sk, 1lib.sk, z-lib.sk).pdf",5,04_燃气轮机_南京燃气轮机研究所编-p0005-s03,0.79,parameter_term_or_value,low
FBKG-0021,热效率,Parameter,IMPROVED_BY,联合循环,Method,随着技术进步和发展，燃气轮机越来越多地为人们所揭示和了解，它不但具有重量轻、体积小、启动快、运行维护方便、便于集中控制、少用水或不用水的优点，而且随着热效率不断提高和采用燃气-蒸汽联合循环的方式运行，联合循环发电装置的热效率已超过大功率高参数火电机组的水平,"燃气轮机 (南京燃气轮机研究所编) (z-library.sk, 1lib.sk, z-lib.sk).pdf",5,04_燃气轮机_南京燃气轮机研究所编-p0005-s03,0.8,method_with_improve_or_reduce_trigger,low
FBKG-0022,燃气轮机,Equipment,RELATED_TO,联合循环 / 热效率,Method,随着技术进步和发展，燃气轮机越来越多地为人们所揭示和了解，它不但具有重量轻、体积小、启动快、运行维护方便、便于集中控制、少用水或不用水的优点，而且随着热效率不断提高和采用燃气-蒸汽联合循环的方式运行，联合循环发电装置的热效率已超过大功率高参数火电机组的水平,"燃气轮机 (南京燃气轮机研究所编) (z-library.sk, 1lib.sk, z-lib.sk).pdf",5,04_燃气轮机_南京燃气轮机研究所编-p0005-s03,0.67,three_way_domain_cooccurrence,low
FBKG-0023,燃气轮机,Equipment,HAS_PARAMETER,可靠性,Parameter,既要满足点火迅速可靠、燃烧稳定安全、流体流动损失小、出口温度场品质好、排气污染小等和要求，又要满足结构紧凑、质量轻、寿命长、可靠性高竺要求,"燃气涡轮发动机燃烧 第3版 (（英）A.H.勒菲沃（Arthur etc.) (z-library.sk, 1lib.sk, z-lib.sk).pdf",9,01_燃气涡轮发动机燃烧_第3版-p0009-s03,0.78,parameter_term_or_value,low
FBKG-0024,燃气轮机,Equipment,HAS_PARAMETER,温度场,Parameter,既要满足点火迅速可靠、燃烧稳定安全、流体流动损失小、出口温度场品质好、排气污染小等和要求，又要满足结构紧凑、质量轻、寿命长、可靠性高竺要求,"燃气涡轮发动机燃烧 第3版 (（英）A.H.勒菲沃（Arthur etc.) (z-library.sk, 1lib.sk, z-lib.sk).pdf",9,01_燃气涡轮发动机燃烧_第3版-p0009-s03,0.78,parameter_term_or_value,low
FBKG-0025,燃气轮机,Equipment,HAS_PARAMETER,寿命,Parameter,既要满足点火迅速可靠、燃烧稳定安全、流体流动损失小、出口温度场品质好、排气污染小等和要求，又要满足结构紧凑、质量轻、寿命长、可靠性高竺要求,"燃气涡轮发动机燃烧 第3版 (（英）A.H.勒菲沃（Arthur etc.) (z-library.sk, 1lib.sk, z-lib.sk).pdf",9,01_燃气涡轮发动机燃烧_第3版-p0009-s03,0.78,parameter_term_or_value,low
FBKG-0026,燃烧过程,Equipment,HAS_PROBLEM,污染,Problem,既要满足点火迅速可靠、燃烧稳定安全、流体流动损失小、出口温度场品质好、排气污染小等和要求，又要满足结构紧凑、质量轻、寿命长、可靠性高竺要求,"燃气涡轮发动机燃烧 第3版 (（英）A.H.勒菲沃（Arthur etc.) (z-library.sk, 1lib.sk, z-lib.sk).pdf",9,01_燃气涡轮发动机燃烧_第3版-p0009-s03,0.77,problem_term_in_context,low
FBKG-0027,压气机,Component,HAS_FUNCTION,均匀混合的热气,Property,燃烧室接受压气机流出的高压空气，通过燃油燃烧产生热能，为涡轮提供均匀混合的热气,"先进燃气轮机燃烧室=ADVANCED GAS TURBINE COMBUSTOR (金如山，索建秦著) (z-library.sk, 1lib.sk, z-lib.sk).pdf",8,02_先进燃气轮机燃烧室-p0008-s01,0.74,function_marker_提供,low
FBKG-0028,燃气轮机,Equipment,HAS_COMPONENT,压气机,Component,"他的设计由往复式压气机、燃烧室和透平组成，其压气机由透平通过传动机构带动,具有现代燃气轮机的特征","燃气轮机原理、结构与应用 上 (沈阳黎明航空发动机（集团）有限责任公司编著) (z-library.sk, 1lib.sk, z-lib.sk).pdf",12,03_燃气轮机原理结构与应用_上-p0012-s01,0.73,component_cooccurs_with_structure_trigger,high
FBKG-0029,燃气轮机,Equipment,HAS_COMPONENT,燃烧室,Component,"他的设计由往复式压气机、燃烧室和透平组成，其压气机由透平通过传动机构带动,具有现代燃气轮机的特征","燃气轮机原理、结构与应用 上 (沈阳黎明航空发动机（集团）有限责任公司编著) (z-library.sk, 1lib.sk, z-lib.sk).pdf",12,03_燃气轮机原理结构与应用_上-p0012-s01,0.73,component_cooccurs_with_structure_trigger,high
FBKG-0030,燃气轮机,Equipment,HAS_COMPONENT,透平,Component,"他的设计由往复式压气机、燃烧室和透平组成，其压气机由透平通过传动机构带动,具有现代燃气轮机的特征","燃气轮机原理、结构与应用 上 (沈阳黎明航空发动机（集团）有限责任公司编著) (z-library.sk, 1lib.sk, z-lib.sk).pdf",12,03_燃气轮机原理结构与应用_上-p0012-s01,0.73,component_cooccurs_with_structure_trigger,high
FBKG-0031,燃气轮机,Equipment,USES_FUEL,气体燃料,Fuel,"并且燃气轮机可以燃用多种燃料，其中有液体燃料，包括各种轻油和重油及原油，气体燃料，包括天然气、油田伴生气、矿井瓦斯气、高炉煤气、焦炉煤气和石油化工流程中的过程气等，固体燃料，包括直接燃煤粉和水煤浆及将煤气化、液化后作此，六、七十年代工业发达的国家，燃气轮机工业发展迅速，装机容量增长.幅度较大,1964年至1976年，年平均增长率为30%","燃气轮机 (南京燃气轮机研究所编) (z-library.sk, 1lib.sk, z-lib.sk).pdf",5,04_燃气轮机_南京燃气轮机研究所编-p0005-s04,0.84,fuel_term_with_use_trigger,low
FBKG-0032,燃气轮机,Equipment,USES_FUEL,液体燃料,Fuel,"并且燃气轮机可以燃用多种燃料，其中有液体燃料，包括各种轻油和重油及原油，气体燃料，包括天然气、油田伴生气、矿井瓦斯气、高炉煤气、焦炉煤气和石油化工流程中的过程气等，固体燃料，包括直接燃煤粉和水煤浆及将煤气化、液化后作此，六、七十年代工业发达的国家，燃气轮机工业发展迅速，装机容量增长.幅度较大,1964年至1976年，年平均增长率为30%","燃气轮机 (南京燃气轮机研究所编) (z-library.sk, 1lib.sk, z-lib.sk).pdf",5,04_燃气轮机_南京燃气轮机研究所编-p0005-s04,0.84,fuel_term_with_use_trigger,low
FBKG-0033,燃气轮机,Equipment,USES_FUEL,焦炉煤气,Fuel,"并且燃气轮机可以燃用多种燃料，其中有液体燃料，包括各种轻油和重油及原油，气体燃料，包括天然气、油田伴生气、矿井瓦斯气、高炉煤气、焦炉煤气和石油化工流程中的过程气等，固体燃料，包括直接燃煤粉和水煤浆及将煤气化、液化后作此，六、七十年代工业发达的国家，燃气轮机工业发展迅速，装机容量增长.幅度较大,1964年至1976年，年平均增长率为30%","燃气轮机 (南京燃气轮机研究所编) (z-library.sk, 1lib.sk, z-lib.sk).pdf",5,04_燃气轮机_南京燃气轮机研究所编-p0005-s04,0.84,fuel_term_with_use_trigger,low
FBKG-0034,燃气轮机,Equipment,USES_FUEL,高炉煤气,Fuel,"并且燃气轮机可以燃用多种燃料，其中有液体燃料，包括各种轻油和重油及原油，气体燃料，包括天然气、油田伴生气、矿井瓦斯气、高炉煤气、焦炉煤气和石油化工流程中的过程气等，固体燃料，包括直接燃煤粉和水煤浆及将煤气化、液化后作此，六、七十年代工业发达的国家，燃气轮机工业发展迅速，装机容量增长.幅度较大,1964年至1976年，年平均增长率为30%","燃气轮机 (南京燃气轮机研究所编) (z-library.sk, 1lib.sk, z-lib.sk).pdf",5,04_燃气轮机_南京燃气轮机研究所编-p0005-s04,0.84,fuel_term_with_use_trigger,low
FBKG-0035,燃气轮机,Equipment,USES_FUEL,天然气,Fuel,"并且燃气轮机可以燃用多种燃料，其中有液体燃料，包括各种轻油和重油及原油，气体燃料，包括天然气、油田伴生气、矿井瓦斯气、高炉煤气、焦炉煤气和石油化工流程中的过程气等，固体燃料，包括直接燃煤粉和水煤浆及将煤气化、液化后作此，六、七十年代工业发达的国家，燃气轮机工业发展迅速，装机容量增长.幅度较大,1964年至1976年，年平均增长率为30%","燃气轮机 (南京燃气轮机研究所编) (z-library.sk, 1lib.sk, z-lib.sk).pdf",5,04_燃气轮机_南京燃气轮机研究所编-p0005-s04,0.84,fuel_term_with_use_trigger,low
FBKG-0036,燃气轮机,Equipment,USES_FUEL,水煤浆,Fuel,"并且燃气轮机可以燃用多种燃料，其中有液体燃料，包括各种轻油和重油及原油，气体燃料，包括天然气、油田伴生气、矿井瓦斯气、高炉煤气、焦炉煤气和石油化工流程中的过程气等，固体燃料，包括直接燃煤粉和水煤浆及将煤气化、液化后作此，六、七十年代工业发达的国家，燃气轮机工业发展迅速，装机容量增长.幅度较大,1964年至1976年，年平均增长率为30%","燃气轮机 (南京燃气轮机研究所编) (z-library.sk, 1lib.sk, z-lib.sk).pdf",5,04_燃气轮机_南京燃气轮机研究所编-p0005-s04,0.84,fuel_term_with_use_trigger,low
FBKG-0037,燃烧室,Equipment,HAS_PARAMETER,压力损失,Parameter,灼烧室工况复杂，其研究内容涉及气体动力学、燃烧学、化学动力学、热力学、传热学、排放污染控制、声学等多个学科和领域发动机对燃烧室的基本要求是燃烧效率高、压力损失小、重量轻、寿命长、污染排放低，另外燃烧室还要满足贫油炸火边界高空点火、出口温度分布、结构、强度、寿命、维护等方面的要求,"先进燃气轮机燃烧室=ADVANCED GAS TURBINE COMBUSTOR (金如山，索建秦著) (z-library.sk, 1lib.sk, z-lib.sk).pdf",8,02_先进燃气轮机燃烧室-p0008-s02,0.76,parameter_term_or_value,low
FBKG-0038,燃烧室,Equipment,HAS_PARAMETER,燃烧效率,Parameter,灼烧室工况复杂，其研究内容涉及气体动力学、燃烧学、化学动力学、热力学、传热学、排放污染控制、声学等多个学科和领域发动机对燃烧室的基本要求是燃烧效率高、压力损失小、重量轻、寿命长、污染排放低，另外燃烧室还要满足贫油炸火边界高空点火、出口温度分布、结构、强度、寿命、维护等方面的要求,"先进燃气轮机燃烧室=ADVANCED GAS TURBINE COMBUSTOR (金如山，索建秦著) (z-library.sk, 1lib.sk, z-lib.sk).pdf",8,02_先进燃气轮机燃烧室-p0008-s02,0.76,parameter_term_or_value,low
FBKG-0039,燃烧室,Equipment,HAS_PARAMETER,寿命,Parameter,灼烧室工况复杂，其研究内容涉及气体动力学、燃烧学、化学动力学、热力学、传热学、排放污染控制、声学等多个学科和领域发动机对燃烧室的基本要求是燃烧效率高、压力损失小、重量轻、寿命长、污染排放低，另外燃烧室还要满足贫油炸火边界高空点火、出口温度分布、结构、强度、寿命、维护等方面的要求,"先进燃气轮机燃烧室=ADVANCED GAS TURBINE COMBUSTOR (金如山，索建秦著) (z-library.sk, 1lib.sk, z-lib.sk).pdf",8,02_先进燃气轮机燃烧室-p0008-s02,0.76,parameter_term_or_value,low
FBKG-0040,燃烧室,Equipment,HAS_PARAMETER,排放,Parameter,灼烧室工况复杂，其研究内容涉及气体动力学、燃烧学、化学动力学、热力学、传热学、排放污染控制、声学等多个学科和领域发动机对燃烧室的基本要求是燃烧效率高、压力损失小、重量轻、寿命长、污染排放低，另外燃烧室还要满足贫油炸火边界高空点火、出口温度分布、结构、强度、寿命、维护等方面的要求,"先进燃气轮机燃烧室=ADVANCED GAS TURBINE COMBUSTOR (金如山，索建秦著) (z-library.sk, 1lib.sk, z-lib.sk).pdf",8,02_先进燃气轮机燃烧室-p0008-s02,0.76,parameter_term_or_value,low
FBKG-0041,燃烧室,Equipment,HAS_PROBLEM,压力损失,Problem,灼烧室工况复杂，其研究内容涉及气体动力学、燃烧学、化学动力学、热力学、传热学、排放污染控制、声学等多个学科和领域发动机对燃烧室的基本要求是燃烧效率高、压力损失小、重量轻、寿命长、污染排放低，另外燃烧室还要满足贫油炸火边界高空点火、出口温度分布、结构、强度、寿命、维护等方面的要求,"先进燃气轮机燃烧室=ADVANCED GAS TURBINE COMBUSTOR (金如山，索建秦著) (z-library.sk, 1lib.sk, z-lib.sk).pdf",8,02_先进燃气轮机燃烧室-p0008-s02,0.75,problem_term_in_context,low
FBKG-0042,燃烧室,Equipment,HAS_PROBLEM,排放,Problem,灼烧室工况复杂，其研究内容涉及气体动力学、燃烧学、化学动力学、热力学、传热学、排放污染控制、声学等多个学科和领域发动机对燃烧室的基本要求是燃烧效率高、压力损失小、重量轻、寿命长、污染排放低，另外燃烧室还要满足贫油炸火边界高空点火、出口温度分布、结构、强度、寿命、维护等方面的要求,"先进燃气轮机燃烧室=ADVANCED GAS TURBINE COMBUSTOR (金如山，索建秦著) (z-library.sk, 1lib.sk, z-lib.sk).pdf",8,02_先进燃气轮机燃烧室-p0008-s02,0.75,problem_term_in_context,low
FBKG-0043,燃烧室,Equipment,HAS_PROBLEM,污染,Problem,灼烧室工况复杂，其研究内容涉及气体动力学、燃烧学、化学动力学、热力学、传热学、排放污染控制、声学等多个学科和领域发动机对燃烧室的基本要求是燃烧效率高、压力损失小、重量轻、寿命长、污染排放低，另外燃烧室还要满足贫油炸火边界高空点火、出口温度分布、结构、强度、寿命、维护等方面的要求,"先进燃气轮机燃烧室=ADVANCED GAS TURBINE COMBUSTOR (金如山，索建秦著) (z-library.sk, 1lib.sk, z-lib.sk).pdf",8,02_先进燃气轮机燃烧室-p0008-s02,0.75,problem_term_in_context,low
FBKG-0044,燃气轮机,Equipment,HAS_COMPONENT,透平,Component,"1在19世纪,曾有许多人提出多种燃气轮机设计方案,其中最著名的是德国人斯托尔2%(F.Stolze)F 1872年提出的热空气轮机失败的原因仍然是部件效率低和进入透平的气体温度不高所致","燃气轮机原理、结构与应用 上 (沈阳黎明航空发动机（集团）有限责任公司编著) (z-library.sk, 1lib.sk, z-lib.sk).pdf",12,03_燃气轮机原理结构与应用_上-p0012-s03,0.73,component_cooccurs_with_structure_trigger,high
FBKG-0045,发电机组,Equipment,HAS_PARAMETER,功率,Parameter,表1-1国外燃气轮发电机组订货情况根据用户的具体要求，从表1-2，表1-3中明显看出对燃气轮机的功率等级方面的需求情况,"燃气轮机 (南京燃气轮机研究所编) (z-library.sk, 1lib.sk, z-lib.sk).pdf",5,04_燃气轮机_南京燃气轮机研究所编-p0005-s08,0.79,parameter_term_or_value,low
FBKG-0046,燃气轮机,Equipment,HAS_PARAMETER,功率 = 12,Parameter,目前世界最大功率有12万千瓦带基本负荷的燃气轮机，预计在十年内，通过提高初温、压比和空气流量，功率可以达到20万千瓦,"燃气轮机 (南京燃气轮机研究所编) (z-library.sk, 1lib.sk, z-lib.sk).pdf",5,04_燃气轮机_南京燃气轮机研究所编-p0005-s11,0.79,parameter_term_or_value,low
FBKG-0047,燃气轮机,Equipment,HAS_PARAMETER,压比,Parameter,目前世界最大功率有12万千瓦带基本负荷的燃气轮机，预计在十年内，通过提高初温、压比和空气流量，功率可以达到20万千瓦,"燃气轮机 (南京燃气轮机研究所编) (z-library.sk, 1lib.sk, z-lib.sk).pdf",5,04_燃气轮机_南京燃气轮机研究所编-p0005-s11,0.79,parameter_term_or_value,low
FBKG-0048,燃烧室,Equipment,HAS_PROBLEM,污染,Problem,作者多年来一直从事燃烧室研究、教学、试验和技术研发等方面的工作，在燃烧室技术〈低污染燃烧技术、高温升攀烧技术、双燃料烧技术等)方面取得了公认的成就,"先进燃气轮机燃烧室=ADVANCED GAS TURBINE COMBUSTOR (金如山，索建秦著) (z-library.sk, 1lib.sk, z-lib.sk).pdf",8,02_先进燃气轮机燃烧室-p0008-s04,0.75,problem_term_in_context,low
FBKG-0049,燃烧室,Equipment,HAS_PARAMETER,功率,Parameter,为保证主燃烧室在极宽的大小功率工作范围稳定工作，必须采用先进的气动和结构设计技术，并探索新的燃烧组织方式,"燃气涡轮发动机燃烧 第3版 (（英）A.H.勒菲沃（Arthur etc.) (z-library.sk, 1lib.sk, z-lib.sk).pdf",9,01_燃气涡轮发动机燃烧_第3版-p0009-s08,0.78,parameter_term_or_value,low
FBKG-0050,燃烧室,Component,HAS_FUNCTION,主燃烧室在极宽的大小功率工作范围稳定工作,Property,为保证主燃烧室在极宽的大小功率工作范围稳定工作，必须采用先进的气动和结构设计技术，并探索新的燃烧组织方式,"燃气涡轮发动机燃烧 第3版 (（英）A.H.勒菲沃（Arthur etc.) (z-library.sk, 1lib.sk, z-lib.sk).pdf",9,01_燃气涡轮发动机燃烧_第3版-p0009-s08,0.76,function_marker_保证,low
FBKG-0051,工业燃气轮机,Equipment,HAS_COMPONENT,燃烧室,Component,《先进碳气轮机榴烧室》是作者的最新著作，本书内容非常丰富，不仅涉及到燃烧室的设计要求、燃烧室内气体流动、燃烧室气体动力学、喷归、燃油雾化、燃油蒸发、油气混合、燃烧室冷却、低污染燃烧技术、振功燃娆、燃烧效率、火烙稳定等基础知识和设计研发过程中的基本知识和问题，而且全面描述了包括低污染燃烧室、高温升燃烧室、工业燃气轮机、燃烧室气动热力设计和试验等炮烧室研发过程中涉及到的每一方面和环节,"先进燃气轮机燃烧室=ADVANCED GAS TURBINE COMBUSTOR (金如山，索建秦著) (z-library.sk, 1lib.sk, z-lib.sk).pdf",8,02_先进燃气轮机燃烧室-p0008-s05,0.78,component_cooccurs_with_structure_trigger,low
FBKG-0052,工业燃气轮机,Equipment,HAS_PARAMETER,燃烧效率,Parameter,《先进碳气轮机榴烧室》是作者的最新著作，本书内容非常丰富，不仅涉及到燃烧室的设计要求、燃烧室内气体流动、燃烧室气体动力学、喷归、燃油雾化、燃油蒸发、油气混合、燃烧室冷却、低污染燃烧技术、振功燃娆、燃烧效率、火烙稳定等基础知识和设计研发过程中的基本知识和问题，而且全面描述了包括低污染燃烧室、高温升燃烧室、工业燃气轮机、燃烧室气动热力设计和试验等炮烧室研发过程中涉及到的每一方面和环节,"先进燃气轮机燃烧室=ADVANCED GAS TURBINE COMBUSTOR (金如山，索建秦著) (z-library.sk, 1lib.sk, z-lib.sk).pdf",8,02_先进燃气轮机燃烧室-p0008-s05,0.76,parameter_term_or_value,low
FBKG-0053,工业燃气轮机,Equipment,HAS_PROBLEM,污染,Problem,《先进碳气轮机榴烧室》是作者的最新著作，本书内容非常丰富，不仅涉及到燃烧室的设计要求、燃烧室内气体流动、燃烧室气体动力学、喷归、燃油雾化、燃油蒸发、油气混合、燃烧室冷却、低污染燃烧技术、振功燃娆、燃烧效率、火烙稳定等基础知识和设计研发过程中的基本知识和问题，而且全面描述了包括低污染燃烧室、高温升燃烧室、工业燃气轮机、燃烧室气动热力设计和试验等炮烧室研发过程中涉及到的每一方面和环节,"先进燃气轮机燃烧室=ADVANCED GAS TURBINE COMBUSTOR (金如山，索建秦著) (z-library.sk, 1lib.sk, z-lib.sk).pdf",8,02_先进燃气轮机燃烧室-p0008-s05,0.75,problem_term_in_context,low
FBKG-0054,工业燃气轮机,Equipment,RELATED_TO,低污染燃烧 / 燃烧效率,Method,《先进碳气轮机榴烧室》是作者的最新著作，本书内容非常丰富，不仅涉及到燃烧室的设计要求、燃烧室内气体流动、燃烧室气体动力学、喷归、燃油雾化、燃油蒸发、油气混合、燃烧室冷却、低污染燃烧技术、振功燃娆、燃烧效率、火烙稳定等基础知识和设计研发过程中的基本知识和问题，而且全面描述了包括低污染燃烧室、高温升燃烧室、工业燃气轮机、燃烧室气动热力设计和试验等炮烧室研发过程中涉及到的每一方面和环节,"先进燃气轮机燃烧室=ADVANCED GAS TURBINE COMBUSTOR (金如山，索建秦著) (z-library.sk, 1lib.sk, z-lib.sk).pdf",8,02_先进燃气轮机燃烧室-p0008-s05,0.64,three_way_domain_cooccurrence,low
FBKG-0055,燃气轮机,Equipment,HAS_COMPONENT,透平,Component,"但由于部件效率低和进入透平的气体温度低,机组无法独立工作对外输出BEA 20世纪,人们继续努力发展燃气轮机","燃气轮机原理、结构与应用 上 (沈阳黎明航空发动机（集团）有限责任公司编著) (z-library.sk, 1lib.sk, z-lib.sk).pdf",12,03_燃气轮机原理结构与应用_上-p0012-s09,0.73,component_cooccurs_with_structure_trigger,high
FBKG-0056,燃烧室,Equipment,HAS_PARAMETER,排放,Parameter,"具有新堪料、新技术、新工艺、新材料(如陶瓷基复合材料)HAMLMATHA HM,在民用沉扇发动机燃烧室方面，为满足不断完善、严格的国际民航组织(ICAO)排放条例要求，通用电气公司、首拉特-惠特尼公司、罗泵斯-罗伊斯公司、国际航空发动机公司和CFM国际公司等国际著名发动机公司的发动机燃烧室广泛采用了燃油喷射、组织顽烧、低排放扩压器、火焙简冷却等低排放燃烧宝设计技术","燃气涡轮发动机燃烧 第3版 (（英）A.H.勒菲沃（Arthur etc.) (z-library.sk, 1lib.sk, z-lib.sk).pdf",9,01_燃气涡轮发动机燃烧_第3版-p0009-s09,0.78,parameter_term_or_value,low
FBKG-0057,燃烧室,Equipment,HAS_PROBLEM,排放,Problem,"具有新堪料、新技术、新工艺、新材料(如陶瓷基复合材料)HAMLMATHA HM,在民用沉扇发动机燃烧室方面，为满足不断完善、严格的国际民航组织(ICAO)排放条例要求，通用电气公司、首拉特-惠特尼公司、罗泵斯-罗伊斯公司、国际航空发动机公司和CFM国际公司等国际著名发动机公司的发动机燃烧室广泛采用了燃油喷射、组织顽烧、低排放扩压器、火焙简冷却等低排放燃烧宝设计技术","燃气涡轮发动机燃烧 第3版 (（英）A.H.勒菲沃（Arthur etc.) (z-library.sk, 1lib.sk, z-lib.sk).pdf",9,01_燃气涡轮发动机燃烧_第3版-p0009-s09,0.77,problem_term_in_context,low
FBKG-0058,燃烧室,Component,RELATED_TO,冷却 / 排放,Method,"具有新堪料、新技术、新工艺、新材料(如陶瓷基复合材料)HAMLMATHA HM,在民用沉扇发动机燃烧室方面，为满足不断完善、严格的国际民航组织(ICAO)排放条例要求，通用电气公司、首拉特-惠特尼公司、罗泵斯-罗伊斯公司、国际航空发动机公司和CFM国际公司等国际著名发动机公司的发动机燃烧室广泛采用了燃油喷射、组织顽烧、低排放扩压器、火焙简冷却等低排放燃烧宝设计技术","燃气涡轮发动机燃烧 第3版 (（英）A.H.勒菲沃（Arthur etc.) (z-library.sk, 1lib.sk, z-lib.sk).pdf",9,01_燃气涡轮发动机燃烧_第3版-p0009-s09,0.66,three_way_domain_cooccurrence,low
FBKG-0059,燃气轮机,Equipment,HAS_PARAMETER,功率 = 125,Parameter,电站功率为125万千瓦，由25人台燃气轮机组成，其中由16台5万千瓦组成的80万千瓦燃气轮机电站是1984年建成的,"燃气轮机 (南京燃气轮机研究所编) (z-library.sk, 1lib.sk, z-lib.sk).pdf",6,04_燃气轮机_南京燃气轮机研究所编-p0006-s03,0.78,parameter_term_or_value,low
FBKG-0060,燃烧室,Equipment,HAS_PARAMETER,排放,Parameter,其中，通用电气公司最新的双环预混(TAPS)燃烧组织技术，已用于波音787飞机的GEnx发动机上，代表了目菌燃烧室污染排放设计技术的最高水平,"燃气涡轮发动机燃烧 第3版 (（英）A.H.勒菲沃（Arthur etc.) (z-library.sk, 1lib.sk, z-lib.sk).pdf",9,01_燃气涡轮发动机燃烧_第3版-p0009-s10,0.78,parameter_term_or_value,low
FBKG-0061,燃烧室,Equipment,HAS_PROBLEM,排放,Problem,其中，通用电气公司最新的双环预混(TAPS)燃烧组织技术，已用于波音787飞机的GEnx发动机上，代表了目菌燃烧室污染排放设计技术的最高水平,"燃气涡轮发动机燃烧 第3版 (（英）A.H.勒菲沃（Arthur etc.) (z-library.sk, 1lib.sk, z-lib.sk).pdf",9,01_燃气涡轮发动机燃烧_第3版-p0009-s10,0.77,problem_term_in_context,low
FBKG-0062,燃烧室,Equipment,HAS_PROBLEM,污染,Problem,其中，通用电气公司最新的双环预混(TAPS)燃烧组织技术，已用于波音787飞机的GEnx发动机上，代表了目菌燃烧室污染排放设计技术的最高水平,"燃气涡轮发动机燃烧 第3版 (（英）A.H.勒菲沃（Arthur etc.) (z-library.sk, 1lib.sk, z-lib.sk).pdf",9,01_燃气涡轮发动机燃烧_第3版-p0009-s10,0.77,problem_term_in_context,low
FBKG-0063,燃烧室,Component,HAS_FUNCTION,波音787飞机的GEnx发动机上,Property,其中，通用电气公司最新的双环预混(TAPS)燃烧组织技术，已用于波音787飞机的GEnx发动机上，代表了目菌燃烧室污染排放设计技术的最高水平,"燃气涡轮发动机燃烧 第3版 (（英）A.H.勒菲沃（Arthur etc.) (z-library.sk, 1lib.sk, z-lib.sk).pdf",9,01_燃气涡轮发动机燃烧_第3版-p0009-s10,0.76,function_marker_用于,low
FBKG-0064,燃气轮机,Equipment,HAS_PARAMETER,功率 = 2.5,Parameter,"功率小于2.5万千责时制成双壬式，超过2.5万千瓦多制成音轴式,，目前燃气轮机制造企业西欧有25家，美国有10家，加拿大有2家","燃气轮机 (南京燃气轮机研究所编) (z-library.sk, 1lib.sk, z-lib.sk).pdf",8,04_燃气轮机_南京燃气轮机研究所编-p0008-s05,0.68,parameter_term_or_value,low
FBKG-0065,燃气轮机,Equipment,HAS_PARAMETER,寿命,Parameter,同时为了满足长寿命的要求，先进民用涡扇发动机业烧室采用了多孔壁发散冷却、浮动壁冷却结构或多孔层板冷却等先进冷却技术，并且正在研制陶瓷基复合材料等耐温水平更高、密度,"燃气涡轮发动机燃烧 第3版 (（英）A.H.勒菲沃（Arthur etc.) (z-library.sk, 1lib.sk, z-lib.sk).pdf",9,01_燃气涡轮发动机燃烧_第3版-p0009-s11,0.78,parameter_term_or_value,low
FBKG-0066,压气机,Equipment,HAS_PROBLEM,污染,Problem,随着先进左烧室的发展，一个低污染燃烧宣或一个高油气比燃烧室，可以与图1-1有相当大的不同，不同之处为(1)前置扩压器改变，可采用分又形多流路扩压器和与压气机出口导向叶片(OGY)相组合的扩压器，或采用扩压-空气分配器方案,"先进燃气轮机燃烧室=ADVANCED GAS TURBINE COMBUSTOR (金如山，索建秦著) (z-library.sk, 1lib.sk, z-lib.sk).pdf",16,02_先进燃气轮机燃烧室-p0016-s02,0.73,problem_term_in_context,low
FBKG-0067,压气机,Equipment,HAS_PARAMETER,功率,Parameter,"该机组发展上述机组部件效率低,主要是压气机效率低,当时仅60%左右或更低,压气机耗功大而使机组无法输出功率或仅有少量功率输出","燃气轮机原理、结构与应用 上 (沈阳黎明航空发动机（集团）有限责任公司编著) (z-library.sk, 1lib.sk, z-lib.sk).pdf",12,03_燃气轮机原理结构与应用_上-p0012-s12,0.71,parameter_term_or_value,high
FBKG-0068,扩压器,Component,HAS_FUNCTION,燃烧所需的容积,Property,"但不论如何变化,燃烧室不能缺少以下部分:(1)扩压器一进口空气扩压及分配室气流动的装置二(2)Aims(3)火焰简一一提供燃烧所需的容积","先进燃气轮机燃烧室=ADVANCED GAS TURBINE COMBUSTOR (金如山，索建秦著) (z-library.sk, 1lib.sk, z-lib.sk).pdf",16,02_先进燃气轮机燃烧室-p0016-s04,0.71,function_marker_提供,low
FBKG-0069,燃气轮机,Equipment,IMPROVED_BY,冷却,Method,但是初温的提高有待高温材料的性能改进和热部件冷却技术的进步,"燃气轮机 (南京燃气轮机研究所编) (z-library.sk, 1lib.sk, z-lib.sk).pdf",9,04_燃气轮机_南京燃气轮机研究所编-p0009-s03,0.76,method_with_improve_or_reduce_trigger,low
FBKG-0070,燃气轮机,Equipment,USES_FUEL,柴油,Fuel,"另外由于燃用柴油老化较困难、发烟较大、火焰较长，需要控制燃烧宝氨氧化物(NO.)HbA,F烟、积宕，改善出口温度场品质、壁温、起动点火性能等","燃气涡轮发动机燃烧 第3版 (（英）A.H.勒菲沃（Arthur etc.) (z-library.sk, 1lib.sk, z-lib.sk).pdf",10,01_燃气涡轮发动机燃烧_第3版-p0010-s02,0.82,fuel_term_with_use_trigger,low
FBKG-0071,燃气轮机,Equipment,HAS_PARAMETER,温度场,Parameter,"另外由于燃用柴油老化较困难、发烟较大、火焰较长，需要控制燃烧宝氨氧化物(NO.)HbA,F烟、积宕，改善出口温度场品质、壁温、起动点火性能等","燃气涡轮发动机燃烧 第3版 (（英）A.H.勒菲沃（Arthur etc.) (z-library.sk, 1lib.sk, z-lib.sk).pdf",10,01_燃气涡轮发动机燃烧_第3版-p0010-s02,0.77,parameter_term_or_value,low
FBKG-0072,燃烧过程,Equipment,HAS_PROBLEM,氧化,Problem,"另外由于燃用柴油老化较困难、发烟较大、火焰较长，需要控制燃烧宝氨氧化物(NO.)HbA,F烟、积宕，改善出口温度场品质、壁温、起动点火性能等","燃气涡轮发动机燃烧 第3版 (（英）A.H.勒菲沃（Arthur etc.) (z-library.sk, 1lib.sk, z-lib.sk).pdf",10,01_燃气涡轮发动机燃烧_第3版-p0010-s02,0.76,problem_term_in_context,low
FBKG-0073,燃烧室,Equipment,HAS_COMPONENT,涡轮,Component,《8)燃烧室出口到渴轮的通路12发动机循环参数及工况发动机循环参数及工况是燃烧室设计研发最重要的依据，通常由总体性能部门给发动机循环主要规定了最大起飞推力、压比、涡轮进口温度及其对应的工涡,"先进燃气轮机燃烧室=ADVANCED GAS TURBINE COMBUSTOR (金如山，索建秦著) (z-library.sk, 1lib.sk, z-lib.sk).pdf",17,02_先进燃气轮机燃烧室-p0017-s00,0.77,component_cooccurs_with_structure_trigger,low
FBKG-0074,燃烧室,Equipment,HAS_PARAMETER,涡轮进口温度,Parameter,《8)燃烧室出口到渴轮的通路12发动机循环参数及工况发动机循环参数及工况是燃烧室设计研发最重要的依据，通常由总体性能部门给发动机循环主要规定了最大起飞推力、压比、涡轮进口温度及其对应的工涡,"先进燃气轮机燃烧室=ADVANCED GAS TURBINE COMBUSTOR (金如山，索建秦著) (z-library.sk, 1lib.sk, z-lib.sk).pdf",17,02_先进燃气轮机燃烧室-p0017-s00,0.75,parameter_term_or_value,low
FBKG-0075,燃烧室,Equipment,HAS_PARAMETER,压比,Parameter,《8)燃烧室出口到渴轮的通路12发动机循环参数及工况发动机循环参数及工况是燃烧室设计研发最重要的依据，通常由总体性能部门给发动机循环主要规定了最大起飞推力、压比、涡轮进口温度及其对应的工涡,"先进燃气轮机燃烧室=ADVANCED GAS TURBINE COMBUSTOR (金如山，索建秦著) (z-library.sk, 1lib.sk, z-lib.sk).pdf",17,02_先进燃气轮机燃烧室-p0017-s00,0.75,parameter_term_or_value,low
FBKG-0076,燃气轮机,Equipment,HAS_COMPONENT,叶片,Component,叶片冷却技术发展表明:，无冷却的燃气轮机由于受到耐热材料的限制，初温只能达到900C左右，而采用冷却技术使透平叶片冷却，则初温可达到1200C左右,"燃气轮机 (南京燃气轮机研究所编) (z-library.sk, 1lib.sk, z-lib.sk).pdf",9,04_燃气轮机_南京燃气轮机研究所编-p0009-s05,0.77,component_cooccurs_with_structure_trigger,low
FBKG-0077,燃气轮机,Equipment,HAS_COMPONENT,透平,Component,叶片冷却技术发展表明:，无冷却的燃气轮机由于受到耐热材料的限制，初温只能达到900C左右，而采用冷却技术使透平叶片冷却，则初温可达到1200C左右,"燃气轮机 (南京燃气轮机研究所编) (z-library.sk, 1lib.sk, z-lib.sk).pdf",9,04_燃气轮机_南京燃气轮机研究所编-p0009-s05,0.77,component_cooccurs_with_structure_trigger,low
FBKG-0078,涡轮,Equipment,USES_FUEL,气体燃料,Fuel,而工业燃气涡轮发动机通常用气体燃料、液体燃料，甚至采用国体燃料，主要围绕降低氮氧化物、一氧化碳(CO)HARRAH化合物(UHC)等燃烧污染物排放等技术开展研究工作,"燃气涡轮发动机燃烧 第3版 (（英）A.H.勒菲沃（Arthur etc.) (z-library.sk, 1lib.sk, z-lib.sk).pdf",10,01_燃气涡轮发动机燃烧_第3版-p0010-s04,0.82,fuel_term_with_use_trigger,low
FBKG-0079,涡轮,Equipment,USES_FUEL,液体燃料,Fuel,而工业燃气涡轮发动机通常用气体燃料、液体燃料，甚至采用国体燃料，主要围绕降低氮氧化物、一氧化碳(CO)HARRAH化合物(UHC)等燃烧污染物排放等技术开展研究工作,"燃气涡轮发动机燃烧 第3版 (（英）A.H.勒菲沃（Arthur etc.) (z-library.sk, 1lib.sk, z-lib.sk).pdf",10,01_燃气涡轮发动机燃烧_第3版-p0010-s04,0.82,fuel_term_with_use_trigger,low
FBKG-0080,涡轮,Equipment,HAS_PARAMETER,CO,Parameter,而工业燃气涡轮发动机通常用气体燃料、液体燃料，甚至采用国体燃料，主要围绕降低氮氧化物、一氧化碳(CO)HARRAH化合物(UHC)等燃烧污染物排放等技术开展研究工作,"燃气涡轮发动机燃烧 第3版 (（英）A.H.勒菲沃（Arthur etc.) (z-library.sk, 1lib.sk, z-lib.sk).pdf",10,01_燃气涡轮发动机燃烧_第3版-p0010-s04,0.77,parameter_term_or_value,low
FBKG-0081,涡轮,Equipment,HAS_PARAMETER,排放,Parameter,而工业燃气涡轮发动机通常用气体燃料、液体燃料，甚至采用国体燃料，主要围绕降低氮氧化物、一氧化碳(CO)HARRAH化合物(UHC)等燃烧污染物排放等技术开展研究工作,"燃气涡轮发动机燃烧 第3版 (（英）A.H.勒菲沃（Arthur etc.) (z-library.sk, 1lib.sk, z-lib.sk).pdf",10,01_燃气涡轮发动机燃烧_第3版-p0010-s04,0.77,parameter_term_or_value,low
FBKG-0082,涡轮,Equipment,HAS_PROBLEM,排放,Problem,而工业燃气涡轮发动机通常用气体燃料、液体燃料，甚至采用国体燃料，主要围绕降低氮氧化物、一氧化碳(CO)HARRAH化合物(UHC)等燃烧污染物排放等技术开展研究工作,"燃气涡轮发动机燃烧 第3版 (（英）A.H.勒菲沃（Arthur etc.) (z-library.sk, 1lib.sk, z-lib.sk).pdf",10,01_燃气涡轮发动机燃烧_第3版-p0010-s04,0.76,problem_term_in_context,low
FBKG-0083,涡轮,Equipment,HAS_PROBLEM,氧化,Problem,而工业燃气涡轮发动机通常用气体燃料、液体燃料，甚至采用国体燃料，主要围绕降低氮氧化物、一氧化碳(CO)HARRAH化合物(UHC)等燃烧污染物排放等技术开展研究工作,"燃气涡轮发动机燃烧 第3版 (（英）A.H.勒菲沃（Arthur etc.) (z-library.sk, 1lib.sk, z-lib.sk).pdf",10,01_燃气涡轮发动机燃烧_第3版-p0010-s04,0.76,problem_term_in_context,low
FBKG-0084,涡轮,Equipment,HAS_PROBLEM,污染,Problem,而工业燃气涡轮发动机通常用气体燃料、液体燃料，甚至采用国体燃料，主要围绕降低氮氧化物、一氧化碳(CO)HARRAH化合物(UHC)等燃烧污染物排放等技术开展研究工作,"燃气涡轮发动机燃烧 第3版 (（英）A.H.勒菲沃（Arthur etc.) (z-library.sk, 1lib.sk, z-lib.sk).pdf",10,01_燃气涡轮发动机燃烧_第3版-p0010-s04,0.76,problem_term_in_context,low
FBKG-0085,燃气轮机,Equipment,IMPROVED_BY,冷却,Method,冷却的目的是既降低了整个零件的温度水平，又降低了局部温度梯度,"燃气轮机 (南京燃气轮机研究所编) (z-library.sk, 1lib.sk, z-lib.sk).pdf",9,04_燃气轮机_南京燃气轮机研究所编-p0009-s06,0.76,method_with_improve_or_reduce_trigger,low
FBKG-0086,燃气轮机,Equipment,HAS_PARAMETER,排放 = 25ppm,Parameter,"这方面，以干低NO,排放(DLN)燃烧技术的发展最为成熟、应用最为广泛，完全满足目前ENO,排放量控制在25ppm(15%0,)的排放要求","燃气涡轮发动机燃烧 第3版 (（英）A.H.勒菲沃（Arthur etc.) (z-library.sk, 1lib.sk, z-lib.sk).pdf",10,01_燃气涡轮发动机燃烧_第3版-p0010-s05,0.77,parameter_term_or_value,low
FBKG-0087,燃烧过程,Equipment,HAS_PROBLEM,排放,Problem,"这方面，以干低NO,排放(DLN)燃烧技术的发展最为成熟、应用最为广泛，完全满足目前ENO,排放量控制在25ppm(15%0,)的排放要求","燃气涡轮发动机燃烧 第3版 (（英）A.H.勒菲沃（Arthur etc.) (z-library.sk, 1lib.sk, z-lib.sk).pdf",10,01_燃气涡轮发动机燃烧_第3版-p0010-s05,0.76,problem_term_in_context,low
FBKG-0088,压气机,Equipment,HAS_PARAMETER,寿命,Parameter,为了保持热部件的寿命，需将热部件的工作温度降到527一627 Co目前实用的冷却方法仍采用空气冷却，即用从压气机引出来的冷却空气对高温部件进行强迫对流和冲击冷却,"燃气轮机 (南京燃气轮机研究所编) (z-library.sk, 1lib.sk, z-lib.sk).pdf",9,04_燃气轮机_南京燃气轮机研究所编-p0009-s08,0.74,parameter_term_or_value,low
FBKG-0089,压气机,Component,RELATED_TO,空气冷却 / 寿命,Method,为了保持热部件的寿命，需将热部件的工作温度降到527一627 Co目前实用的冷却方法仍采用空气冷却，即用从压气机引出来的冷却空气对高温部件进行强迫对流和冲击冷却,"燃气轮机 (南京燃气轮机研究所编) (z-library.sk, 1lib.sk, z-lib.sk).pdf",9,04_燃气轮机_南京燃气轮机研究所编-p0009-s08,0.63,three_way_domain_cooccurrence,low
FBKG-0090,燃烧室,Equipment,HAS_PARAMETER,CO = 25ppm,Parameter,"通用电气公司在其LM系列燃气江轮发动机上取得NO,Fo CO排放量均为25ppm的业绩之后，又在下级燃烧室达到NO,和CO排放量均为9gppm、在下级燃烧室达到NO,和CO排放量分别为gppm和3ppm的高度，可以说已经般到了常规问烧技术的极限","燃气涡轮发动机燃烧 第3版 (（英）A.H.勒菲沃（Arthur etc.) (z-library.sk, 1lib.sk, z-lib.sk).pdf",10,01_燃气涡轮发动机燃烧_第3版-p0010-s06,0.77,parameter_term_or_value,low
FBKG-0091,燃烧室,Equipment,HAS_PARAMETER,排放 = 25ppm,Parameter,"通用电气公司在其LM系列燃气江轮发动机上取得NO,Fo CO排放量均为25ppm的业绩之后，又在下级燃烧室达到NO,和CO排放量均为9gppm、在下级燃烧室达到NO,和CO排放量分别为gppm和3ppm的高度，可以说已经般到了常规问烧技术的极限","燃气涡轮发动机燃烧 第3版 (（英）A.H.勒菲沃（Arthur etc.) (z-library.sk, 1lib.sk, z-lib.sk).pdf",10,01_燃气涡轮发动机燃烧_第3版-p0010-s06,0.77,parameter_term_or_value,low
FBKG-0092,燃烧室,Equipment,HAS_PROBLEM,排放,Problem,"通用电气公司在其LM系列燃气江轮发动机上取得NO,Fo CO排放量均为25ppm的业绩之后，又在下级燃烧室达到NO,和CO排放量均为9gppm、在下级燃烧室达到NO,和CO排放量分别为gppm和3ppm的高度，可以说已经般到了常规问烧技术的极限","燃气涡轮发动机燃烧 第3版 (（英）A.H.勒菲沃（Arthur etc.) (z-library.sk, 1lib.sk, z-lib.sk).pdf",10,01_燃气涡轮发动机燃烧_第3版-p0010-s06,0.76,problem_term_in_context,low
FBKG-0093,发电机组,Equipment,HAS_COMPONENT,涡轮,Component,"该风气轮机发电机组装在一地下电站中,作为备用发电宙组使用,见图1.4同一年,由德国人奥海因(V.Ohain)设计的、推力为4900N的He-S3B涡轮喷气发动机通过了地面试车,并装在飞机上试飞成功.鉴于1939年有上述两种不同用镍的燃气轮机被成功地应用,人们就把1939年视为机气轮机发展获得成功的年份","燃气轮机原理、结构与应用 上 (沈阳黎明航空发动机（集团）有限责任公司编著) (z-library.sk, 1lib.sk, z-lib.sk).pdf",13,03_燃气轮机原理结构与应用_上-p0013-s01,0.77,component_cooccurs_with_structure_trigger,low
FBKG-0094,联合循环,Equipment,HAS_PARAMETER,热效率,Parameter,用荧汽冷却的历史最短，但因其具有较好的传热特性，已普遍引起有关国家的重视，现已作为提高热效率的重要技术途径而用于高温的燃气-荧汽联合循环装置地加以研究,"燃气轮机 (南京燃气轮机研究所编) (z-library.sk, 1lib.sk, z-lib.sk).pdf",9,04_燃气轮机_南京燃气轮机研究所编-p0009-s09,0.74,parameter_term_or_value,low
FBKG-0095,热效率,Parameter,IMPROVED_BY,联合循环,Method,用荧汽冷却的历史最短，但因其具有较好的传热特性，已普遍引起有关国家的重视，现已作为提高热效率的重要技术途径而用于高温的燃气-荧汽联合循环装置地加以研究,"燃气轮机 (南京燃气轮机研究所编) (z-library.sk, 1lib.sk, z-lib.sk).pdf",9,04_燃气轮机_南京燃气轮机研究所编-p0009-s09,0.76,method_with_improve_or_reduce_trigger,low
FBKG-0096,热效率,Parameter,IMPROVED_BY,冷却,Method,用荧汽冷却的历史最短，但因其具有较好的传热特性，已普遍引起有关国家的重视，现已作为提高热效率的重要技术途径而用于高温的燃气-荧汽联合循环装置地加以研究,"燃气轮机 (南京燃气轮机研究所编) (z-library.sk, 1lib.sk, z-lib.sk).pdf",9,04_燃气轮机_南京燃气轮机研究所编-p0009-s09,0.76,method_with_improve_or_reduce_trigger,low
FBKG-0097,联合循环,Method,RELATED_TO,联合循环 / 热效率,Method,用荧汽冷却的历史最短，但因其具有较好的传热特性，已普遍引起有关国家的重视，现已作为提高热效率的重要技术途径而用于高温的燃气-荧汽联合循环装置地加以研究,"燃气轮机 (南京燃气轮机研究所编) (z-library.sk, 1lib.sk, z-lib.sk).pdf",9,04_燃气轮机_南京燃气轮机研究所编-p0009-s09,0.63,three_way_domain_cooccurrence,low
FBKG-0098,涡轮,Component,HAS_FUNCTION,指导,Property,本书的英文版是美国CRC出版集团出版的《燃气涡轮发动机燃烧》(第3版)教科书，由世界燃烧学界泰寸A.日勒菲沃(Arhur HL Lefebvre)的学生D.R.44(Dilip R.Ballal)在其老师摆写的前两版的基础上撰写而万本书的一个明确目的，是为航空发动机和地面炉气涡轮发动机的设计者、制造者和操作者提供指导,"燃气涡轮发动机燃烧 第3版 (（英）A.H.勒菲沃（Arthur etc.) (z-library.sk, 1lib.sk, z-lib.sk).pdf",10,01_燃气涡轮发动机燃烧_第3版-p0010-s07,0.75,function_marker_提供,low
FBKG-0099,燃气轮机,Equipment,HAS_PARAMETER,总压损失,Parameter,"pa,一一火简进口总压，即mm减去扩压器总压损失","先进燃气轮机燃烧室=ADVANCED GAS TURBINE COMBUSTOR (金如山，索建秦著) (z-library.sk, 1lib.sk, z-lib.sk).pdf",18,02_先进燃气轮机燃烧室-p0018-s02,0.7,parameter_term_or_value,low
FBKG-0100,透平,Equipment,HAS_PARAMETER,透平进口温度 = 1207,Parameter,切汽冷却叶片的水平，目前已达到概念设计阶段，美国处于领先的地位，目前目标是研制能在透平进口温度为1207一1427人CC级下工作的透平叶片,"燃气轮机 (南京燃气轮机研究所编) (z-library.sk, 1lib.sk, z-lib.sk).pdf",9,04_燃气轮机_南京燃气轮机研究所编-p0009-s12,0.74,parameter_term_or_value,low
FBKG-0101,透平,Component,RELATED_TO,冷却 / 透平进口温度,Method,切汽冷却叶片的水平，目前已达到概念设计阶段，美国处于领先的地位，目前目标是研制能在透平进口温度为1207一1427人CC级下工作的透平叶片,"燃气轮机 (南京燃气轮机研究所编) (z-library.sk, 1lib.sk, z-lib.sk).pdf",9,04_燃气轮机_南京燃气轮机研究所编-p0009-s12,0.63,three_way_domain_cooccurrence,low
FBKG-0102,燃烧室,Component,HAS_SUBTYPE,第1章介绍败烧室的主要性能要求,Parameter,第1章介绍败烧室的主要性能要求和基本设计特征，燃烧室的不同类型和结构，以及英国、德国和美国燃烧室发展的历史,"燃气涡轮发动机燃烧 第3版 (（英）A.H.勒菲沃（Arthur etc.) (z-library.sk, 1lib.sk, z-lib.sk).pdf",10,01_燃气涡轮发动机燃烧_第3版-p0010-s10,0.72,subtype_split_marker,low
FBKG-0103,燃烧室,Component,HAS_SUBTYPE,基本设计特征,Concept,第1章介绍败烧室的主要性能要求和基本设计特征，燃烧室的不同类型和结构，以及英国、德国和美国燃烧室发展的历史,"燃气涡轮发动机燃烧 第3版 (（英）A.H.勒菲沃（Arthur etc.) (z-library.sk, 1lib.sk, z-lib.sk).pdf",10,01_燃气涡轮发动机燃烧_第3版-p0010-s10,0.72,subtype_split_marker,low
FBKG-0104,燃烧室,Component,HAS_SUBTYPE,燃烧室的不同类型,Method,第1章介绍败烧室的主要性能要求和基本设计特征，燃烧室的不同类型和结构，以及英国、德国和美国燃烧室发展的历史,"燃气涡轮发动机燃烧 第3版 (（英）A.H.勒菲沃（Arthur etc.) (z-library.sk, 1lib.sk, z-lib.sk).pdf",10,01_燃气涡轮发动机燃烧_第3版-p0010-s10,0.72,subtype_split_marker,low
FBKG-0105,燃烧室,Component,HAS_SUBTYPE,结构,Concept,第1章介绍败烧室的主要性能要求和基本设计特征，燃烧室的不同类型和结构，以及英国、德国和美国燃烧室发展的历史,"燃气涡轮发动机燃烧 第3版 (（英）A.H.勒菲沃（Arthur etc.) (z-library.sk, 1lib.sk, z-lib.sk).pdf",10,01_燃气涡轮发动机燃烧_第3版-p0010-s10,0.72,subtype_split_marker,low
FBKG-0106,燃烧室,Component,HAS_SUBTYPE,英国,Concept,第1章介绍败烧室的主要性能要求和基本设计特征，燃烧室的不同类型和结构，以及英国、德国和美国燃烧室发展的历史,"燃气涡轮发动机燃烧 第3版 (（英）A.H.勒菲沃（Arthur etc.) (z-library.sk, 1lib.sk, z-lib.sk).pdf",10,01_燃气涡轮发动机燃烧_第3版-p0010-s10,0.72,subtype_split_marker,low
FBKG-0107,燃烧室,Component,HAS_SUBTYPE,德国,Concept,第1章介绍败烧室的主要性能要求和基本设计特征，燃烧室的不同类型和结构，以及英国、德国和美国燃烧室发展的历史,"燃气涡轮发动机燃烧 第3版 (（英）A.H.勒菲沃（Arthur etc.) (z-library.sk, 1lib.sk, z-lib.sk).pdf",10,01_燃气涡轮发动机燃烧_第3版-p0010-s10,0.72,subtype_split_marker,low
FBKG-0108,联合循环,Method,HAS_SUBTYPE,2~3,Parameter,"现广泛应用的榴气-东汽联合循环(简称联合循环)就是这种循环L212 WAPERS图1.3所示为单轴购气轮机,是最简单的轴系方案,此外,还有压气机分为2~3 hasae","燃气轮机原理、结构与应用 上 (沈阳黎明航空发动机（集团）有限责任公司编著) (z-library.sk, 1lib.sk, z-lib.sk).pdf",13,03_燃气轮机原理结构与应用_上-p0013-s07,0.7,subtype_split_marker,low
FBKG-0109,燃气轮机,Equipment,IMPROVED_BY,蒸汽冷却,Method,气冷、水冷和从汽冷却这三种方法，就改善燃气轮机的热力参数而言，以采用蒸汽冷却效果最好,"燃气轮机 (南京燃气轮机研究所编) (z-library.sk, 1lib.sk, z-lib.sk).pdf",9,04_燃气轮机_南京燃气轮机研究所编-p0009-s13,0.76,method_with_improve_or_reduce_trigger,low
FBKG-0110,燃气轮机,Equipment,IMPROVED_BY,冷却,Method,气冷、水冷和从汽冷却这三种方法，就改善燃气轮机的热力参数而言，以采用蒸汽冷却效果最好,"燃气轮机 (南京燃气轮机研究所编) (z-library.sk, 1lib.sk, z-lib.sk).pdf",9,04_燃气轮机_南京燃气轮机研究所编-p0009-s13,0.76,method_with_improve_or_reduce_trigger,low
FBKG-0111,涡轮,Equipment,HAS_PARAMETER,寿命,Parameter,第2章介绍燃气涡轮发动机燃烧的基本问题，包括讽流火焰、全局反应加率和点火理论，还包括油渍落发和喷射蒸发的内容，强调喷射蒜发和油滴寿命时间的比值特征,"燃气涡轮发动机燃烧 第3版 (（英）A.H.勒菲沃（Arthur etc.) (z-library.sk, 1lib.sk, z-lib.sk).pdf",10,01_燃气涡轮发动机燃烧_第3版-p0010-s11,0.77,parameter_term_or_value,low
FBKG-0112,燃气轮机,Equipment,HAS_COMPONENT,透平,Component,"联的机体,透平分为2一4个串联的机体,组成分贡双条三办和四办等不同输系方案的燃气轮机,以获得不同的变工况性能","燃气轮机原理、结构与应用 上 (沈阳黎明航空发动机（集团）有限责任公司编著) (z-library.sk, 1lib.sk, z-lib.sk).pdf",14,03_燃气轮机原理结构与应用_上-p0014-s00,0.74,component_cooccurs_with_structure_trigger,low
FBKG-0113,燃气轮机,Equipment,HAS_SUBTYPE,2一4个串联的机体,Parameter,"联的机体,透平分为2一4个串联的机体,组成分贡双条三办和四办等不同输系方案的燃气轮机,以获得不同的变工况性能","燃气轮机原理、结构与应用 上 (沈阳黎明航空发动机（集团）有限责任公司编著) (z-library.sk, 1lib.sk, z-lib.sk).pdf",14,03_燃气轮机原理结构与应用_上-p0014-s00,0.67,subtype_split_marker,low
FBKG-0114,燃气轮机,Equipment,HAS_SUBTYPE,组成分贡双条三办,Concept,"联的机体,透平分为2一4个串联的机体,组成分贡双条三办和四办等不同输系方案的燃气轮机,以获得不同的变工况性能","燃气轮机原理、结构与应用 上 (沈阳黎明航空发动机（集团）有限责任公司编著) (z-library.sk, 1lib.sk, z-lib.sk).pdf",14,03_燃气轮机原理结构与应用_上-p0014-s00,0.67,subtype_split_marker,low
FBKG-0115,燃气轮机,Equipment,HAS_SUBTYPE,四办等不同输系方案的燃气轮机,Equipment,"联的机体,透平分为2一4个串联的机体,组成分贡双条三办和四办等不同输系方案的燃气轮机,以获得不同的变工况性能","燃气轮机原理、结构与应用 上 (沈阳黎明航空发动机（集团）有限责任公司编著) (z-library.sk, 1lib.sk, z-lib.sk).pdf",14,03_燃气轮机原理结构与应用_上-p0014-s00,0.67,subtype_split_marker,low
FBKG-0116,燃气轮机,Equipment,HAS_SUBTYPE,以获得不同的变工况性能,Concept,"联的机体,透平分为2一4个串联的机体,组成分贡双条三办和四办等不同输系方案的燃气轮机,以获得不同的变工况性能","燃气轮机原理、结构与应用 上 (沈阳黎明航空发动机（集团）有限责任公司编著) (z-library.sk, 1lib.sk, z-lib.sk).pdf",14,03_燃气轮机原理结构与应用_上-p0014-s00,0.67,subtype_split_marker,low
FBKG-0117,燃气轮机,Equipment,HAS_PARAMETER,功率,Parameter,"图1.5为现用的七种轴系方案的燃气轮机,其中压气机和透平代号中H为高压.I为中压\L为低压.为动力.而各个方案代号的含义为,在便数字为风气轮机的独立转轴数目,右侧英文符号为输出功率轴的压气机和地及","燃气轮机原理、结构与应用 上 (沈阳黎明航空发动机（集团）有限责任公司编著) (z-library.sk, 1lib.sk, z-lib.sk).pdf",14,03_燃气轮机原理结构与应用_上-p0014-s01,0.72,parameter_term_or_value,low
FBKG-0118,燃气轮机,Equipment,HAS_PARAMETER,功率,Parameter,也有的利用余热损妨产生的入汽广入灵气花机全将家进口以提高功率和效率，如初温为1204的简单揪环光气纶机，注入由余热销护产生的记汽(此汽压力为2.254光由，温度510C),"燃气轮机 (南京燃气轮机研究所编) (z-library.sk, 1lib.sk, z-lib.sk).pdf",10,04_燃气轮机_南京燃气轮机研究所编-p0010-s04,0.67,parameter_term_or_value,low
FBKG-0119,燃气轮机,Equipment,HAS_PARAMETER,压力损失,Parameter,第4章介绍了气动设计需要了解的回流、射流和混合以及各类气孔〔包括空气旋流器)的流量系数方面的知识，并且在商烧室尺寸、压力损失和出口温度分布之间建立联系，从而为良好的气动设计提供合理的基础,"燃气涡轮发动机燃烧 第3版 (（英）A.H.勒菲沃（Arthur etc.) (z-library.sk, 1lib.sk, z-lib.sk).pdf",10,01_燃气涡轮发动机燃烧_第3版-p0010-s13,0.77,parameter_term_or_value,low
FBKG-0120,燃烧过程,Equipment,HAS_PROBLEM,压力损失,Problem,第4章介绍了气动设计需要了解的回流、射流和混合以及各类气孔〔包括空气旋流器)的流量系数方面的知识，并且在商烧室尺寸、压力损失和出口温度分布之间建立联系，从而为良好的气动设计提供合理的基础,"燃气涡轮发动机燃烧 第3版 (（英）A.H.勒菲沃（Arthur etc.) (z-library.sk, 1lib.sk, z-lib.sk).pdf",10,01_燃气涡轮发动机燃烧_第3版-p0010-s13,0.76,problem_term_in_context,low
FBKG-0121,旋流器,Component,HAS_FUNCTION,合理的基础,Property,第4章介绍了气动设计需要了解的回流、射流和混合以及各类气孔〔包括空气旋流器)的流量系数方面的知识，并且在商烧室尺寸、压力损失和出口温度分布之间建立联系，从而为良好的气动设计提供合理的基础,"燃气涡轮发动机燃烧 第3版 (（英）A.H.勒菲沃（Arthur etc.) (z-library.sk, 1lib.sk, z-lib.sk).pdf",10,01_燃气涡轮发动机燃烧_第3版-p0010-s13,0.75,function_marker_提供,low
FBKG-0122,压气机,Equipment,HAS_COMPONENT,透平,Component,"例如2/LL为两个转轴,由低压压气机与低压透平轴输出功率","燃气轮机原理、结构与应用 上 (沈阳黎明航空发动机（集团）有限责任公司编著) (z-library.sk, 1lib.sk, z-lib.sk).pdf",14,03_燃气轮机原理结构与应用_上-p0014-s02,0.74,component_cooccurs_with_structure_trigger,low
FBKG-0123,压气机,Equipment,HAS_PARAMETER,功率,Parameter,"例如2/LL为两个转轴,由低压压气机与低压透平轴输出功率","燃气轮机原理、结构与应用 上 (沈阳黎明航空发动机（集团）有限责任公司编著) (z-library.sk, 1lib.sk, z-lib.sk).pdf",14,03_燃气轮机原理结构与应用_上-p0014-s02,0.72,parameter_term_or_value,low
FBKG-0124,燃气轮机,Equipment,HAS_PARAMETER,稳定性,Parameter,中文版序目第5章介绍姑烧效率、稳定性和点火性能，将这3个问题集中到一章进行阐述，以使读者更清晰地理解占烧性能的3个不同方面的关系,"燃气涡轮发动机燃烧 第3版 (（英）A.H.勒菲沃（Arthur etc.) (z-library.sk, 1lib.sk, z-lib.sk).pdf",11,01_燃气涡轮发动机燃烧_第3版-p0011-s00,0.74,parameter_term_or_value,low
FBKG-0125,燃气轮机,Equipment,HAS_SUBTYPE,两半以便拆装,Concept,"压气机ORAL VP arEK DS A LN,ASC区AS iy A前轴承图1.6重型结构燃气轮机AHay KN<=""SA PS)人|Tse eeWE Oe SG‘P Gok‘i of a,:ed一于ws Ned<3 in vets图1.7航机改型的燃气轮机缸分为两半以便拆装","燃气轮机原理、结构与应用 上 (沈阳黎明航空发动机（集团）有限责任公司编著) (z-library.sk, 1lib.sk, z-lib.sk).pdf",15,03_燃气轮机原理结构与应用_上-p0015-s00,0.64,subtype_split_marker,low
FBKG-0126,燃气轮机,Equipment,HAS_PARAMETER,排放,Parameter,第6章介绍燃油喷射，指出燃料的准备过程在实现低排放问烧过程中所超的重要作用，内容包括六油老化、射流和油膜破碎机理、不同类型喷嘴的性能和结构特征等内容,"燃气涡轮发动机燃烧 第3版 (（英）A.H.勒菲沃（Arthur etc.) (z-library.sk, 1lib.sk, z-lib.sk).pdf",11,01_燃气涡轮发动机燃烧_第3版-p0011-s01,0.74,parameter_term_or_value,low
FBKG-0127,燃烧过程,Equipment,HAS_PROBLEM,排放,Problem,第6章介绍燃油喷射，指出燃料的准备过程在实现低排放问烧过程中所超的重要作用，内容包括六油老化、射流和油膜破碎机理、不同类型喷嘴的性能和结构特征等内容,"燃气涡轮发动机燃烧 第3版 (（英）A.H.勒菲沃（Arthur etc.) (z-library.sk, 1lib.sk, z-lib.sk).pdf",11,01_燃气涡轮发动机燃烧_第3版-p0011-s01,0.73,problem_term_in_context,low
FBKG-0128,排放,Parameter,HAS_SUBTYPE,六油老化,Concept,第6章介绍燃油喷射，指出燃料的准备过程在实现低排放问烧过程中所超的重要作用，内容包括六油老化、射流和油膜破碎机理、不同类型喷嘴的性能和结构特征等内容,"燃气涡轮发动机燃烧 第3版 (（英）A.H.勒菲沃（Arthur etc.) (z-library.sk, 1lib.sk, z-lib.sk).pdf",11,01_燃气涡轮发动机燃烧_第3版-p0011-s01,0.69,subtype_split_marker,low
FBKG-0129,排放,Parameter,HAS_SUBTYPE,射流,Concept,第6章介绍燃油喷射，指出燃料的准备过程在实现低排放问烧过程中所超的重要作用，内容包括六油老化、射流和油膜破碎机理、不同类型喷嘴的性能和结构特征等内容,"燃气涡轮发动机燃烧 第3版 (（英）A.H.勒菲沃（Arthur etc.) (z-library.sk, 1lib.sk, z-lib.sk).pdf",11,01_燃气涡轮发动机燃烧_第3版-p0011-s01,0.69,subtype_split_marker,low
FBKG-0130,排放,Parameter,HAS_SUBTYPE,油膜破碎机理,Concept,第6章介绍燃油喷射，指出燃料的准备过程在实现低排放问烧过程中所超的重要作用，内容包括六油老化、射流和油膜破碎机理、不同类型喷嘴的性能和结构特征等内容,"燃气涡轮发动机燃烧 第3版 (（英）A.H.勒菲沃（Arthur etc.) (z-library.sk, 1lib.sk, z-lib.sk).pdf",11,01_燃气涡轮发动机燃烧_第3版-p0011-s01,0.69,subtype_split_marker,low
FBKG-0131,排放,Parameter,HAS_SUBTYPE,不同类型喷嘴的性能,Concept,第6章介绍燃油喷射，指出燃料的准备过程在实现低排放问烧过程中所超的重要作用，内容包括六油老化、射流和油膜破碎机理、不同类型喷嘴的性能和结构特征等内容,"燃气涡轮发动机燃烧 第3版 (（英）A.H.勒菲沃（Arthur etc.) (z-library.sk, 1lib.sk, z-lib.sk).pdf",11,01_燃气涡轮发动机燃烧_第3版-p0011-s01,0.69,subtype_split_marker,low
FBKG-0132,排放,Parameter,HAS_SUBTYPE,结构特征等内容,Concept,第6章介绍燃油喷射，指出燃料的准备过程在实现低排放问烧过程中所超的重要作用，内容包括六油老化、射流和油膜破碎机理、不同类型喷嘴的性能和结构特征等内容,"燃气涡轮发动机燃烧 第3版 (（英）A.H.勒菲沃（Arthur etc.) (z-library.sk, 1lib.sk, z-lib.sk).pdf",11,01_燃气涡轮发动机燃烧_第3版-p0011-s01,0.69,subtype_split_marker,low
FBKG-0133,透平,Equipment,HAS_COMPONENT,转子,Component,"当改考需加装式用适溃时,一是按轻型Ce透平转子,使机组成为轻重结构混合型","燃气轮机原理、结构与应用 上 (沈阳黎明航空发动机（集团）有限责任公司编著) (z-library.sk, 1lib.sk, z-lib.sk).pdf",15,03_燃气轮机原理结构与应用_上-p0015-s02,0.71,component_cooccurs_with_structure_trigger,low
FBKG-0134,涡轮,Equipment,HAS_PARAMETER,排放,Parameter,第9章介绍排放，主要包括污染排放相关问题和已制定的标准、污染物生成机理和降低传统赵气涡轮发动机污染物排放的方法、可变几何结构和分级概烧在通过控制火焰温度降低排放方面的应用、干低氮氧化物排放和超低氨所化物排放问烧宝设计及实现超低气氧化物排放的方法,"燃气涡轮发动机燃烧 第3版 (（英）A.H.勒菲沃（Arthur etc.) (z-library.sk, 1lib.sk, z-lib.sk).pdf",11,01_燃气涡轮发动机燃烧_第3版-p0011-s03,0.74,parameter_term_or_value,low
FBKG-0135,涡轮,Equipment,HAS_PROBLEM,排放,Problem,第9章介绍排放，主要包括污染排放相关问题和已制定的标准、污染物生成机理和降低传统赵气涡轮发动机污染物排放的方法、可变几何结构和分级概烧在通过控制火焰温度降低排放方面的应用、干低氮氧化物排放和超低氨所化物排放问烧宝设计及实现超低气氧化物排放的方法,"燃气涡轮发动机燃烧 第3版 (（英）A.H.勒菲沃（Arthur etc.) (z-library.sk, 1lib.sk, z-lib.sk).pdf",11,01_燃气涡轮发动机燃烧_第3版-p0011-s03,0.73,problem_term_in_context,low
FBKG-0136,涡轮,Equipment,HAS_PROBLEM,氧化,Problem,第9章介绍排放，主要包括污染排放相关问题和已制定的标准、污染物生成机理和降低传统赵气涡轮发动机污染物排放的方法、可变几何结构和分级概烧在通过控制火焰温度降低排放方面的应用、干低氮氧化物排放和超低氨所化物排放问烧宝设计及实现超低气氧化物排放的方法,"燃气涡轮发动机燃烧 第3版 (（英）A.H.勒菲沃（Arthur etc.) (z-library.sk, 1lib.sk, z-lib.sk).pdf",11,01_燃气涡轮发动机燃烧_第3版-p0011-s03,0.73,problem_term_in_context,low
FBKG-0137,涡轮,Equipment,HAS_PROBLEM,污染,Problem,第9章介绍排放，主要包括污染排放相关问题和已制定的标准、污染物生成机理和降低传统赵气涡轮发动机污染物排放的方法、可变几何结构和分级概烧在通过控制火焰温度降低排放方面的应用、干低氮氧化物排放和超低氨所化物排放问烧宝设计及实现超低气氧化物排放的方法,"燃气涡轮发动机燃烧 第3版 (（英）A.H.勒菲沃（Arthur etc.) (z-library.sk, 1lib.sk, z-lib.sk).pdf",11,01_燃气涡轮发动机燃烧_第3版-p0011-s03,0.73,problem_term_in_context,low
FBKG-0138,燃气轮机,Equipment,HAS_PARAMETER,寿命,Parameter,"另有按直面下大要求设计的、功洒为1万kW左右及其以下的机组大多亦为轻型结构,采用轴向装配,但用滑动轴承支承转子以期达到长寿命,显然其质量比航机重","燃气轮机原理、结构与应用 上 (沈阳黎明航空发动机（集团）有限责任公司编著) (z-library.sk, 1lib.sk, z-lib.sk).pdf",15,03_燃气轮机原理结构与应用_上-p0015-s03,0.69,parameter_term_or_value,low
FBKG-0139,燃烧室,Equipment,HAS_PROBLEM,污染,Problem,为此，改进燃烧室设计，发展低污染的燃烧室已势在必行,"燃气轮机 (南京燃气轮机研究所编) (z-library.sk, 1lib.sk, z-lib.sk).pdf",12,04_燃气轮机_南京燃气轮机研究所编-p0012-s01,0.78,problem_term_in_context,low
FBKG-0140,燃烧室,Equipment,HAS_PARAMETER,排放,Parameter,第10章介绍用于燃气涡轮发动机的传统液体与气体坝料〈石油基)的物理与化学特性，评价替代洪料〈合成)和传统赫代混合坝料的特性，描述这些不同的托料及其混合物对燃烧室性能、设计和排放的影响,"燃气涡轮发动机燃烧 第3版 (（英）A.H.勒菲沃（Arthur etc.) (z-library.sk, 1lib.sk, z-lib.sk).pdf",11,01_燃气涡轮发动机燃烧_第3版-p0011-s04,0.74,parameter_term_or_value,low
FBKG-0141,燃烧室,Equipment,HAS_PROBLEM,排放,Problem,第10章介绍用于燃气涡轮发动机的传统液体与气体坝料〈石油基)的物理与化学特性，评价替代洪料〈合成)和传统赫代混合坝料的特性，描述这些不同的托料及其混合物对燃烧室性能、设计和排放的影响,"燃气涡轮发动机燃烧 第3版 (（英）A.H.勒菲沃（Arthur etc.) (z-library.sk, 1lib.sk, z-lib.sk).pdf",11,01_燃气涡轮发动机燃烧_第3版-p0011-s04,0.73,problem_term_in_context,low
FBKG-0142,燃烧室,Component,HAS_FUNCTION,燃气涡轮发动机的传统液体与气体坝料〈石油基)的物理与化学特性,Property,第10章介绍用于燃气涡轮发动机的传统液体与气体坝料〈石油基)的物理与化学特性，评价替代洪料〈合成)和传统赫代混合坝料的特性，描述这些不同的托料及其混合物对燃烧室性能、设计和排放的影响,"燃气涡轮发动机燃烧 第3版 (（英）A.H.勒菲沃（Arthur etc.) (z-library.sk, 1lib.sk, z-lib.sk).pdf",11,01_燃气涡轮发动机燃烧_第3版-p0011-s04,0.72,function_marker_用于,low
FBKG-0143,燃烧室,Equipment,HAS_PARAMETER,燃烧效率,Parameter,1.4性能参数及工作评定参数性能参数表征燃烧室性能的好坏，而工作评定参数是用来评定燃烧室工作是否正常，性能参数和工作评定参数包括以下参数.【1)燃烧效率表征贷烧是否完全，可以有物理因素导致棋烧不完全，如区化不好等也可以有化,"先进燃气轮机燃烧室=ADVANCED GAS TURBINE COMBUSTOR (金如山，索建秦著) (z-library.sk, 1lib.sk, z-lib.sk).pdf",19,02_先进燃气轮机燃烧室-p0019-s09,0.74,parameter_term_or_value,low
FBKG-0144,燃烧室,Component,HAS_FUNCTION,评定燃烧室工作是否正常,Property,1.4性能参数及工作评定参数性能参数表征燃烧室性能的好坏，而工作评定参数是用来评定燃烧室工作是否正常，性能参数和工作评定参数包括以下参数.【1)燃烧效率表征贷烧是否完全，可以有物理因素导致棋烧不完全，如区化不好等也可以有化,"先进燃气轮机燃烧室=ADVANCED GAS TURBINE COMBUSTOR (金如山，索建秦著) (z-library.sk, 1lib.sk, z-lib.sk).pdf",19,02_先进燃气轮机燃烧室-p0019-s09,0.71,function_marker_用来,low
FBKG-0145,涡轮,Equipment,HAS_PARAMETER,功率,Parameter,撕气涡轮发动机技术的发展要持续满足21世纪推力、功率、灼油效率和低污染排放的要求,"燃气涡轮发动机燃烧 第3版 (（英）A.H.勒菲沃（Arthur etc.) (z-library.sk, 1lib.sk, z-lib.sk).pdf",12,01_燃气涡轮发动机燃烧_第3版-p0012-s00,0.78,parameter_term_or_value,low
FBKG-0146,涡轮,Equipment,HAS_PARAMETER,排放,Parameter,撕气涡轮发动机技术的发展要持续满足21世纪推力、功率、灼油效率和低污染排放的要求,"燃气涡轮发动机燃烧 第3版 (（英）A.H.勒菲沃（Arthur etc.) (z-library.sk, 1lib.sk, z-lib.sk).pdf",12,01_燃气涡轮发动机燃烧_第3版-p0012-s00,0.78,parameter_term_or_value,low
FBKG-0147,涡轮,Equipment,HAS_PROBLEM,排放,Problem,撕气涡轮发动机技术的发展要持续满足21世纪推力、功率、灼油效率和低污染排放的要求,"燃气涡轮发动机燃烧 第3版 (（英）A.H.勒菲沃（Arthur etc.) (z-library.sk, 1lib.sk, z-lib.sk).pdf",12,01_燃气涡轮发动机燃烧_第3版-p0012-s00,0.77,problem_term_in_context,low
FBKG-0148,涡轮,Equipment,HAS_PROBLEM,污染,Problem,撕气涡轮发动机技术的发展要持续满足21世纪推力、功率、灼油效率和低污染排放的要求,"燃气涡轮发动机燃烧 第3版 (（英）A.H.勒菲沃（Arthur etc.) (z-library.sk, 1lib.sk, z-lib.sk).pdf",12,01_燃气涡轮发动机燃烧_第3版-p0012-s00,0.77,problem_term_in_context,low
FBKG-0149,燃烧室,Equipment,HAS_PARAMETER,燃烧效率 = 99%,Parameter,燃媒室在大状态下的燃烧效率问题已经基本解决燃烧室研发要解决的是如何保证地面慢车状态燃烧效率大于99%，因为这与减少污染排放有直接的关系,"先进燃气轮机燃烧室=ADVANCED GAS TURBINE COMBUSTOR (金如山，索建秦著) (z-library.sk, 1lib.sk, z-lib.sk).pdf",20,02_先进燃气轮机燃烧室-p0020-s00,0.76,parameter_term_or_value,low
FBKG-0150,燃烧室,Equipment,HAS_PARAMETER,排放,Parameter,燃媒室在大状态下的燃烧效率问题已经基本解决燃烧室研发要解决的是如何保证地面慢车状态燃烧效率大于99%，因为这与减少污染排放有直接的关系,"先进燃气轮机燃烧室=ADVANCED GAS TURBINE COMBUSTOR (金如山，索建秦著) (z-library.sk, 1lib.sk, z-lib.sk).pdf",20,02_先进燃气轮机燃烧室-p0020-s00,0.76,parameter_term_or_value,low
FBKG-0151,燃烧室,Equipment,HAS_PROBLEM,排放,Problem,燃媒室在大状态下的燃烧效率问题已经基本解决燃烧室研发要解决的是如何保证地面慢车状态燃烧效率大于99%，因为这与减少污染排放有直接的关系,"先进燃气轮机燃烧室=ADVANCED GAS TURBINE COMBUSTOR (金如山，索建秦著) (z-library.sk, 1lib.sk, z-lib.sk).pdf",20,02_先进燃气轮机燃烧室-p0020-s00,0.75,problem_term_in_context,low
FBKG-0152,燃烧室,Equipment,HAS_PROBLEM,污染,Problem,燃媒室在大状态下的燃烧效率问题已经基本解决燃烧室研发要解决的是如何保证地面慢车状态燃烧效率大于99%，因为这与减少污染排放有直接的关系,"先进燃气轮机燃烧室=ADVANCED GAS TURBINE COMBUSTOR (金如山，索建秦著) (z-library.sk, 1lib.sk, z-lib.sk).pdf",20,02_先进燃气轮机燃烧室-p0020-s00,0.75,problem_term_in_context,low
FBKG-0153,燃烧室,Component,HAS_FUNCTION,地面慢车状态燃烧效率大于99%,Property,燃媒室在大状态下的燃烧效率问题已经基本解决燃烧室研发要解决的是如何保证地面慢车状态燃烧效率大于99%，因为这与减少污染排放有直接的关系,"先进燃气轮机燃烧室=ADVANCED GAS TURBINE COMBUSTOR (金如山，索建秦著) (z-library.sk, 1lib.sk, z-lib.sk).pdf",20,02_先进燃气轮机燃烧室-p0020-s00,0.74,function_marker_保证,low
FBKG-0154,发电机组,Equipment,HAS_PARAMETER,可靠性 = 99%,Parameter,"《2)体积小,占地面积小,用于车.船等运输机械时可节省空间作其他用途用《3)起动快,从冷态起动至带满负荷,视机组功率的大小及结构型式的不同在数分钟至半小时之间,在紧急情况下很多机组的起动时间可缩短约一半左右-A)安装周期短,对于燃气轮机电站,在做好基础设施等准备工作后,的气轮机发电机组可在1一2个月内安装好并投入运行发电.《5)运行平稳可靠性高,大量机组可靠性达99%,即机组的事故停机率仅为1%","燃气轮机原理、结构与应用 上 (沈阳黎明航空发动机（集团）有限责任公司编著) (z-library.sk, 1lib.sk, z-lib.sk).pdf",16,03_燃气轮机原理结构与应用_上-p0016-s02,0.73,parameter_term_or_value,low
FBKG-0155,发电机组,Equipment,HAS_PARAMETER,功率,Parameter,"《2)体积小,占地面积小,用于车.船等运输机械时可节省空间作其他用途用《3)起动快,从冷态起动至带满负荷,视机组功率的大小及结构型式的不同在数分钟至半小时之间,在紧急情况下很多机组的起动时间可缩短约一半左右-A)安装周期短,对于燃气轮机电站,在做好基础设施等准备工作后,的气轮机发电机组可在1一2个月内安装好并投入运行发电.《5)运行平稳可靠性高,大量机组可靠性达99%,即机组的事故停机率仅为1%","燃气轮机原理、结构与应用 上 (沈阳黎明航空发动机（集团）有限责任公司编著) (z-library.sk, 1lib.sk, z-lib.sk).pdf",16,03_燃气轮机原理结构与应用_上-p0016-s02,0.73,parameter_term_or_value,low
FBKG-0156,燃烧室,Equipment,HAS_PARAMETER,燃烧效率,Parameter,在不喷水的情况下，这种燃烧室具有很高的燃烧效率和很低的No.的排放量,"燃气轮机 (南京燃气轮机研究所编) (z-library.sk, 1lib.sk, z-lib.sk).pdf",12,04_燃气轮机_南京燃气轮机研究所编-p0012-s03,0.78,parameter_term_or_value,low
FBKG-0157,燃烧室,Equipment,HAS_PARAMETER,排放,Parameter,在不喷水的情况下，这种燃烧室具有很高的燃烧效率和很低的No.的排放量,"燃气轮机 (南京燃气轮机研究所编) (z-library.sk, 1lib.sk, z-lib.sk).pdf",12,04_燃气轮机_南京燃气轮机研究所编-p0012-s03,0.78,parameter_term_or_value,low
FBKG-0158,燃烧室,Equipment,HAS_PROBLEM,排放,Problem,在不喷水的情况下，这种燃烧室具有很高的燃烧效率和很低的No.的排放量,"燃气轮机 (南京燃气轮机研究所编) (z-library.sk, 1lib.sk, z-lib.sk).pdf",12,04_燃气轮机_南京燃气轮机研究所编-p0012-s03,0.78,problem_term_in_context,low
FBKG-0159,燃气轮机,Equipment,HAS_PARAMETER,排放,Parameter,"《6)效率高,现简单循环燃气轮机效率最高已达42.9%6,而联合循环机组效率最高已5 58%,后者是目前各种热力机械中所达到的最高效率值.《7)污染排放低,其NO","燃气轮机原理、结构与应用 上 (沈阳黎明航空发动机（集团）有限责任公司编著) (z-library.sk, 1lib.sk, z-lib.sk).pdf",16,03_燃气轮机原理结构与应用_上-p0016-s03,0.73,parameter_term_or_value,low
FBKG-0160,燃气轮机,Equipment,HAS_PROBLEM,排放,Problem,"《6)效率高,现简单循环燃气轮机效率最高已达42.9%6,而联合循环机组效率最高已5 58%,后者是目前各种热力机械中所达到的最高效率值.《7)污染排放低,其NO","燃气轮机原理、结构与应用 上 (沈阳黎明航空发动机（集团）有限责任公司编著) (z-library.sk, 1lib.sk, z-lib.sk).pdf",16,03_燃气轮机原理结构与应用_上-p0016-s03,0.73,problem_term_in_context,low
FBKG-0161,燃气轮机,Equipment,HAS_PROBLEM,污染,Problem,"《6)效率高,现简单循环燃气轮机效率最高已达42.9%6,而联合循环机组效率最高已5 58%,后者是目前各种热力机械中所达到的最高效率值.《7)污染排放低,其NO","燃气轮机原理、结构与应用 上 (沈阳黎明航空发动机（集团）有限责任公司编著) (z-library.sk, 1lib.sk, z-lib.sk).pdf",16,03_燃气轮机原理结构与应用_上-p0016-s03,0.73,problem_term_in_context,low
FBKG-0162,燃气轮机,Equipment,RELATED_TO,联合循环 / 排放,Method,"《6)效率高,现简单循环燃气轮机效率最高已达42.9%6,而联合循环机组效率最高已5 58%,后者是目前各种热力机械中所达到的最高效率值.《7)污染排放低,其NO","燃气轮机原理、结构与应用 上 (沈阳黎明航空发动机（集团）有限责任公司编著) (z-library.sk, 1lib.sk, z-lib.sk).pdf",16,03_燃气轮机原理结构与应用_上-p0016-s03,0.61,three_way_domain_cooccurrence,low
FBKG-0163,燃气轮机,Equipment,HAS_COMPONENT,燃烧室,Component,"又如美国1983年底提出的专利,确定两级燃烧系统为一种新型燃烧系统，它在燃用各种气体燃料和花偏油时，在各种工况范围内都能保证可以明显减少有害成份析出BAKU RE.催化型燃烧室的试验研究工作亦在加紧进行之中,如美国GE公司进行了初步设计和试验,在出力为8万千瓦的重型燃气轮机上，当采用低氮份的石油荧馏燃料(含氨量为500ppmv以下),催化反应出口温度为1097~1427C,在基本负荷条件下,No,生成物不超过20ppm,而燃烧效率和一般燃烧室相同","燃气轮机 (南京燃气轮机研究所编) (z-library.sk, 1lib.sk, z-lib.sk).pdf",12,04_燃气轮机_南京燃气轮机研究所编-p0012-s04,0.81,component_cooccurs_with_structure_trigger,low
FBKG-0164,燃气轮机,Equipment,USES_FUEL,气体燃料,Fuel,"又如美国1983年底提出的专利,确定两级燃烧系统为一种新型燃烧系统，它在燃用各种气体燃料和花偏油时，在各种工况范围内都能保证可以明显减少有害成份析出BAKU RE.催化型燃烧室的试验研究工作亦在加紧进行之中,如美国GE公司进行了初步设计和试验,在出力为8万千瓦的重型燃气轮机上，当采用低氮份的石油荧馏燃料(含氨量为500ppmv以下),催化反应出口温度为1097~1427C,在基本负荷条件下,No,生成物不超过20ppm,而燃烧效率和一般燃烧室相同","燃气轮机 (南京燃气轮机研究所编) (z-library.sk, 1lib.sk, z-lib.sk).pdf",12,04_燃气轮机_南京燃气轮机研究所编-p0012-s04,0.83,fuel_term_with_use_trigger,low
FBKG-0165,燃气轮机,Equipment,HAS_PARAMETER,燃烧效率,Parameter,"又如美国1983年底提出的专利,确定两级燃烧系统为一种新型燃烧系统，它在燃用各种气体燃料和花偏油时，在各种工况范围内都能保证可以明显减少有害成份析出BAKU RE.催化型燃烧室的试验研究工作亦在加紧进行之中,如美国GE公司进行了初步设计和试验,在出力为8万千瓦的重型燃气轮机上，当采用低氮份的石油荧馏燃料(含氨量为500ppmv以下),催化反应出口温度为1097~1427C,在基本负荷条件下,No,生成物不超过20ppm,而燃烧效率和一般燃烧室相同","燃气轮机 (南京燃气轮机研究所编) (z-library.sk, 1lib.sk, z-lib.sk).pdf",12,04_燃气轮机_南京燃气轮机研究所编-p0012-s04,0.78,parameter_term_or_value,low
FBKG-0166,燃烧室,Component,HAS_FUNCTION,可以明显减少有害成份析出BAKU RE.催化型燃烧室的试验研究工作亦在加,Property,"又如美国1983年底提出的专利,确定两级燃烧系统为一种新型燃烧系统，它在燃用各种气体燃料和花偏油时，在各种工况范围内都能保证可以明显减少有害成份析出BAKU RE.催化型燃烧室的试验研究工作亦在加紧进行之中,如美国GE公司进行了初步设计和试验,在出力为8万千瓦的重型燃气轮机上，当采用低氮份的石油荧馏燃料(含氨量为500ppmv以下),催化反应出口温度为1097~1427C,在基本负荷条件下,No,生成物不超过20ppm,而燃烧效率和一般燃烧室相同","燃气轮机 (南京燃气轮机研究所编) (z-library.sk, 1lib.sk, z-lib.sk).pdf",12,04_燃气轮机_南京燃气轮机研究所编-p0012-s04,0.76,function_marker_保证,low
FBKG-0167,燃气轮机,Equipment,HAS_PARAMETER,排放,Parameter,"因此，当今的燃气轮机塔称高效率的热机1 3.1.2”环保性能如何保护清洁的环境是当今社会发展中的一个重大课题,必须在发展中高度重视这一同是,应尽可能焉小有害人类信康的污染物的排放","燃气轮机原理、结构与应用 上 (沈阳黎明航空发动机（集团）有限责任公司编著) (z-library.sk, 1lib.sk, z-lib.sk).pdf",16,03_燃气轮机原理结构与应用_上-p0016-s05,0.73,parameter_term_or_value,low
FBKG-0168,燃气轮机,Equipment,HAS_PROBLEM,排放,Problem,"因此，当今的燃气轮机塔称高效率的热机1 3.1.2”环保性能如何保护清洁的环境是当今社会发展中的一个重大课题,必须在发展中高度重视这一同是,应尽可能焉小有害人类信康的污染物的排放","燃气轮机原理、结构与应用 上 (沈阳黎明航空发动机（集团）有限责任公司编著) (z-library.sk, 1lib.sk, z-lib.sk).pdf",16,03_燃气轮机原理结构与应用_上-p0016-s05,0.73,problem_term_in_context,low
FBKG-0169,燃气轮机,Equipment,HAS_PROBLEM,污染,Problem,"因此，当今的燃气轮机塔称高效率的热机1 3.1.2”环保性能如何保护清洁的环境是当今社会发展中的一个重大课题,必须在发展中高度重视这一同是,应尽可能焉小有害人类信康的污染物的排放","燃气轮机原理、结构与应用 上 (沈阳黎明航空发动机（集团）有限责任公司编著) (z-library.sk, 1lib.sk, z-lib.sk).pdf",16,03_燃气轮机原理结构与应用_上-p0016-s05,0.73,problem_term_in_context,low
FBKG-0170,透平,Equipment,HAS_PARAMETER,透平进口温度,Parameter,热电联供的能力亦将随着透平进口温度的提高而使透平排气温度稍加提高而增大,"燃气轮机 (南京燃气轮机研究所编) (z-library.sk, 1lib.sk, z-lib.sk).pdf",12,04_燃气轮机_南京燃气轮机研究所编-p0012-s06,0.78,parameter_term_or_value,low
FBKG-0171,透平,Equipment,HAS_PARAMETER,排气温度,Parameter,热电联供的能力亦将随着透平进口温度的提高而使透平排气温度稍加提高而增大,"燃气轮机 (南京燃气轮机研究所编) (z-library.sk, 1lib.sk, z-lib.sk).pdf",12,04_燃气轮机_南京燃气轮机研究所编-p0012-s06,0.78,parameter_term_or_value,low
FBKG-0172,燃烧过程,Equipment,HAS_PROBLEM,回火,Problem,因此，在多燃料性能、回火、高室非设计点册烧效率和减少带气膜冷却火焰简故障研究方面的修改最少,"燃气涡轮发动机燃烧 第3版 (（英）A.H.勒菲沃（Arthur etc.) (z-library.sk, 1lib.sk, z-lib.sk).pdf",12,01_燃气涡轮发动机燃烧_第3版-p0012-s09,0.77,problem_term_in_context,low
FBKG-0173,燃气轮机,Equipment,IMPROVED_BY,冷却,Method,因此，在多燃料性能、回火、高室非设计点册烧效率和减少带气膜冷却火焰简故障研究方面的修改最少,"燃气涡轮发动机燃烧 第3版 (（英）A.H.勒菲沃（Arthur etc.) (z-library.sk, 1lib.sk, z-lib.sk).pdf",12,01_燃气涡轮发动机燃烧_第3版-p0012-s09,0.79,method_with_improve_or_reduce_trigger,low
FBKG-0174,燃气轮机,Equipment,HAS_PARAMETER,总压损失 = 6%,Parameter,《2)总压损失系数整个燃妙室系统的总压损失大约为6%，但目前由于扩压器进口Ma不断提高，所以总压损失为7%~8%也是可以接受的,"先进燃气轮机燃烧室=ADVANCED GAS TURBINE COMBUSTOR (金如山，索建秦著) (z-library.sk, 1lib.sk, z-lib.sk).pdf",20,02_先进燃气轮机燃烧室-p0020-s03,0.76,parameter_term_or_value,low
FBKG-0175,燃气轮机,Equipment,HAS_PARAMETER,CO = 1,Parameter,"下于热机来说,主要是NO:\CO和二©),nti“EMR a HR ER REE NO和CO CT 1 OPREINO,排放的浓度低于20m/a MRA HE LTS Se HE RA ES BL EA AE保的要求.rs","燃气轮机原理、结构与应用 上 (沈阳黎明航空发动机（集团）有限责任公司编著) (z-library.sk, 1lib.sk, z-lib.sk).pdf",16,03_燃气轮机原理结构与应用_上-p0016-s06,0.73,parameter_term_or_value,low
FBKG-0176,燃气轮机,Equipment,HAS_PARAMETER,排放 = 20,Parameter,"下于热机来说,主要是NO:\CO和二©),nti“EMR a HR ER REE NO和CO CT 1 OPREINO,排放的浓度低于20m/a MRA HE LTS Se HE RA ES BL EA AE保的要求.rs","燃气轮机原理、结构与应用 上 (沈阳黎明航空发动机（集团）有限责任公司编著) (z-library.sk, 1lib.sk, z-lib.sk).pdf",16,03_燃气轮机原理结构与应用_上-p0016-s06,0.73,parameter_term_or_value,low
FBKG-0177,燃烧过程,Equipment,HAS_PROBLEM,排放,Problem,"下于热机来说,主要是NO:\CO和二©),nti“EMR a HR ER REE NO和CO CT 1 OPREINO,排放的浓度低于20m/a MRA HE LTS Se HE RA ES BL EA AE保的要求.rs","燃气轮机原理、结构与应用 上 (沈阳黎明航空发动机（集团）有限责任公司编著) (z-library.sk, 1lib.sk, z-lib.sk).pdf",16,03_燃气轮机原理结构与应用_上-p0016-s06,0.73,problem_term_in_context,low
FBKG-0178,工业燃气轮机,Equipment,HAS_PARAMETER,比功率,Parameter,由于航空发动机具有轻便、灵巧等独特的优点，近年来在工业燃气轮机生产中广泛采用航空方面的技术，从而使燃气轮机的比功率大大提高，而总重量却大大减小,"燃气轮机 (南京燃气轮机研究所编) (z-library.sk, 1lib.sk, z-lib.sk).pdf",12,04_燃气轮机_南京燃气轮机研究所编-p0012-s07,0.78,parameter_term_or_value,low
FBKG-0179,工业燃气轮机,Equipment,HAS_PARAMETER,功率,Parameter,由于航空发动机具有轻便、灵巧等独特的优点，近年来在工业燃气轮机生产中广泛采用航空方面的技术，从而使燃气轮机的比功率大大提高，而总重量却大大减小,"燃气轮机 (南京燃气轮机研究所编) (z-library.sk, 1lib.sk, z-lib.sk).pdf",12,04_燃气轮机_南京燃气轮机研究所编-p0012-s07,0.78,parameter_term_or_value,low
FBKG-0180,压气机,Equipment,HAS_PARAMETER,涡轮进口温度,Parameter,"在寻求达到更高燃油效率和更低二氧化碳(CO,)排放的过程中，过去10年里，压气机增压比和涡轮进口温度逐渐增长","燃气涡轮发动机燃烧 第3版 (（英）A.H.勒菲沃（Arthur etc.) (z-library.sk, 1lib.sk, z-lib.sk).pdf",12,01_燃气涡轮发动机燃烧_第3版-p0012-s10,0.78,parameter_term_or_value,low
FBKG-0181,压气机,Equipment,HAS_PARAMETER,CO,Parameter,"在寻求达到更高燃油效率和更低二氧化碳(CO,)排放的过程中，过去10年里，压气机增压比和涡轮进口温度逐渐增长","燃气涡轮发动机燃烧 第3版 (（英）A.H.勒菲沃（Arthur etc.) (z-library.sk, 1lib.sk, z-lib.sk).pdf",12,01_燃气涡轮发动机燃烧_第3版-p0012-s10,0.78,parameter_term_or_value,low
FBKG-0182,压气机,Equipment,HAS_PARAMETER,压比,Parameter,"在寻求达到更高燃油效率和更低二氧化碳(CO,)排放的过程中，过去10年里，压气机增压比和涡轮进口温度逐渐增长","燃气涡轮发动机燃烧 第3版 (（英）A.H.勒菲沃（Arthur etc.) (z-library.sk, 1lib.sk, z-lib.sk).pdf",12,01_燃气涡轮发动机燃烧_第3版-p0012-s10,0.78,parameter_term_or_value,low
FBKG-0183,压气机,Equipment,HAS_PARAMETER,排放,Parameter,"在寻求达到更高燃油效率和更低二氧化碳(CO,)排放的过程中，过去10年里，压气机增压比和涡轮进口温度逐渐增长","燃气涡轮发动机燃烧 第3版 (（英）A.H.勒菲沃（Arthur etc.) (z-library.sk, 1lib.sk, z-lib.sk).pdf",12,01_燃气涡轮发动机燃烧_第3版-p0012-s10,0.78,parameter_term_or_value,low
FBKG-0184,压气机,Equipment,HAS_PROBLEM,排放,Problem,"在寻求达到更高燃油效率和更低二氧化碳(CO,)排放的过程中，过去10年里，压气机增压比和涡轮进口温度逐渐增长","燃气涡轮发动机燃烧 第3版 (（英）A.H.勒菲沃（Arthur etc.) (z-library.sk, 1lib.sk, z-lib.sk).pdf",12,01_燃气涡轮发动机燃烧_第3版-p0012-s10,0.77,problem_term_in_context,low
FBKG-0185,压气机,Equipment,HAS_PROBLEM,氧化,Problem,"在寻求达到更高燃油效率和更低二氧化碳(CO,)排放的过程中，过去10年里，压气机增压比和涡轮进口温度逐渐增长","燃气涡轮发动机燃烧 第3版 (（英）A.H.勒菲沃（Arthur etc.) (z-library.sk, 1lib.sk, z-lib.sk).pdf",12,01_燃气涡轮发动机燃烧_第3版-p0012-s10,0.77,problem_term_in_context,low
FBKG-0186,燃烧室,Equipment,HAS_PARAMETER,总压损失 = 4.5%,Parameter,对新发动机楼烧室而言，总压损失系数为4.5%的燃烧室是不现实的，可导致燃烧室工作不稳定,"先进燃气轮机燃烧室=ADVANCED GAS TURBINE COMBUSTOR (金如山，索建秦著) (z-library.sk, 1lib.sk, z-lib.sk).pdf",20,02_先进燃气轮机燃烧室-p0020-s04,0.76,parameter_term_or_value,low
FBKG-0187,燃烧室,Equipment,HAS_PROBLEM,不稳定,Problem,对新发动机楼烧室而言，总压损失系数为4.5%的燃烧室是不现实的，可导致燃烧室工作不稳定,"先进燃气轮机燃烧室=ADVANCED GAS TURBINE COMBUSTOR (金如山，索建秦著) (z-library.sk, 1lib.sk, z-lib.sk).pdf",20,02_先进燃气轮机燃烧室-p0020-s04,0.75,problem_term_in_context,low
FBKG-0188,燃气轮机,Equipment,HAS_PARAMETER,排放 = 1,Parameter,然而气体和微粒的排放减少了1/3或更多，并且完全低于2006年7月制定的排放规定,"燃气涡轮发动机燃烧 第3版 (（英）A.H.勒菲沃（Arthur etc.) (z-library.sk, 1lib.sk, z-lib.sk).pdf",12,01_燃气涡轮发动机燃烧_第3版-p0012-s11,0.78,parameter_term_or_value,low
FBKG-0189,燃烧过程,Equipment,HAS_PROBLEM,排放,Problem,然而气体和微粒的排放减少了1/3或更多，并且完全低于2006年7月制定的排放规定,"燃气涡轮发动机燃烧 第3版 (（英）A.H.勒菲沃（Arthur etc.) (z-library.sk, 1lib.sk, z-lib.sk).pdf",12,01_燃气涡轮发动机燃烧_第3版-p0012-s11,0.77,problem_term_in_context,low
FBKG-0190,燃气轮机,Equipment,HAS_PARAMETER,功率,Parameter,舰船用燃气轮机的发展到目前为止已有三十余年的历史，已研制了许多不同功率等级的燃气轮机动力装置,"燃气轮机 (南京燃气轮机研究所编) (z-library.sk, 1lib.sk, z-lib.sk).pdf",13,04_燃气轮机_南京燃气轮机研究所编-p0013-s11,0.78,parameter_term_or_value,low
FBKG-0191,燃气轮机,Equipment,USES_FUEL,液体燃料,Fuel,"最重要的更改是新加入了第10章“赫代烘料”和本专著副标题“替代WA Sa”.AT,BMA RTA AA EO Ob a SE Oo,HERA AT进行基于煤炭、生物和其他原料的赫代液体燃料的研究","燃气涡轮发动机燃烧 第3版 (（英）A.H.勒菲沃（Arthur etc.) (z-library.sk, 1lib.sk, z-lib.sk).pdf",12,01_燃气涡轮发动机燃烧_第3版-p0012-s12,0.83,fuel_term_with_use_trigger,low
FBKG-0192,涡轮,Equipment,HAS_COMPONENT,转子,Component,其中最佳径向温度分布曲线由涡轮设计部门确定〈主要针对涡轮转子),"先进燃气轮机燃烧室=ADVANCED GAS TURBINE COMBUSTOR (金如山，索建秦著) (z-library.sk, 1lib.sk, z-lib.sk).pdf",20,02_先进燃气轮机燃烧室-p0020-s08,0.78,component_cooccurs_with_structure_trigger,low
FBKG-0193,燃气轮机,Equipment,HAS_PARAMETER,可靠性,Parameter,"由于灼气轮机和联合循环电站发电效率高,污染排放低、可靠性高,建设周期短,在国外其造价还远低于顽煤的秦汽电站,因而使其在各类电站中所占的比重不断加大.美国在20世纪80年代后期,燃气轮机年生产容量就超过了汽轮机","燃气轮机原理、结构与应用 上 (沈阳黎明航空发动机（集团）有限责任公司编著) (z-library.sk, 1lib.sk, z-lib.sk).pdf",17,03_燃气轮机原理结构与应用_上-p0017-s03,0.76,parameter_term_or_value,low
FBKG-0194,燃气轮机,Equipment,HAS_PARAMETER,排放,Parameter,"由于灼气轮机和联合循环电站发电效率高,污染排放低、可靠性高,建设周期短,在国外其造价还远低于顽煤的秦汽电站,因而使其在各类电站中所占的比重不断加大.美国在20世纪80年代后期,燃气轮机年生产容量就超过了汽轮机","燃气轮机原理、结构与应用 上 (沈阳黎明航空发动机（集团）有限责任公司编著) (z-library.sk, 1lib.sk, z-lib.sk).pdf",17,03_燃气轮机原理结构与应用_上-p0017-s03,0.76,parameter_term_or_value,low
FBKG-0195,燃气轮机,Equipment,HAS_PROBLEM,排放,Problem,"由于灼气轮机和联合循环电站发电效率高,污染排放低、可靠性高,建设周期短,在国外其造价还远低于顽煤的秦汽电站,因而使其在各类电站中所占的比重不断加大.美国在20世纪80年代后期,燃气轮机年生产容量就超过了汽轮机","燃气轮机原理、结构与应用 上 (沈阳黎明航空发动机（集团）有限责任公司编著) (z-library.sk, 1lib.sk, z-lib.sk).pdf",17,03_燃气轮机原理结构与应用_上-p0017-s03,0.75,problem_term_in_context,low
FBKG-0196,燃气轮机,Equipment,HAS_PROBLEM,污染,Problem,"由于灼气轮机和联合循环电站发电效率高,污染排放低、可靠性高,建设周期短,在国外其造价还远低于顽煤的秦汽电站,因而使其在各类电站中所占的比重不断加大.美国在20世纪80年代后期,燃气轮机年生产容量就超过了汽轮机","燃气轮机原理、结构与应用 上 (沈阳黎明航空发动机（集团）有限责任公司编著) (z-library.sk, 1lib.sk, z-lib.sk).pdf",17,03_燃气轮机原理结构与应用_上-p0017-s03,0.75,problem_term_in_context,low
FBKG-0197,燃气轮机,Equipment,RELATED_TO,联合循环 / 可靠性,Method,"由于灼气轮机和联合循环电站发电效率高,污染排放低、可靠性高,建设周期短,在国外其造价还远低于顽煤的秦汽电站,因而使其在各类电站中所占的比重不断加大.美国在20世纪80年代后期,燃气轮机年生产容量就超过了汽轮机","燃气轮机原理、结构与应用 上 (沈阳黎明航空发动机（集团）有限责任公司编著) (z-library.sk, 1lib.sk, z-lib.sk).pdf",17,03_燃气轮机原理结构与应用_上-p0017-s03,0.64,three_way_domain_cooccurrence,low
FBKG-0198,燃气轮机,Equipment,HAS_PARAMETER,功率,Parameter,"苏联小功率机仪作气据艇和快艇主机，未作巡航机用:，苏联五十年代研制划发展的M 2型和M 3型中等功率燃气轮机，人性能较差,美国研制的LM1500型机仅在水屠艇上用过，目前止在研制LM1600型机，以提高中挡功率燃气轮机的性能","燃气轮机 (南京燃气轮机研究所编) (z-library.sk, 1lib.sk, z-lib.sk).pdf",13,04_燃气轮机_南京燃气轮机研究所编-p0013-s13,0.78,parameter_term_or_value,low
FBKG-0199,燃气轮机,Equipment,HAS_PARAMETER,功率,Parameter,英国在七十年代中期开始研制“斯贝”SM型机:大功率舰用燃气轮机均由航空型改装过来的，其中以美国LM2500型最为鞠进，装舰台数占首位，使用范围广，可以从290下殿艇到万吨以上航空母舰上使用，国外舰用燃气轮机系刻见表1-8所示,"燃气轮机 (南京燃气轮机研究所编) (z-library.sk, 1lib.sk, z-lib.sk).pdf",13,04_燃气轮机_南京燃气轮机研究所编-p0013-s14,0.78,parameter_term_or_value,low
FBKG-0200,燃气轮机,Equipment,HAS_PARAMETER,功率 = 3,Parameter,二、燃气轮机在海上平台上的应用从海底开采石油和天然气需要有浮动的或非浮动的海上平台，在这种拉台上装有和泵、卜气机、发电机、钻孔装置等作业设备、这些设备的功率订达到3~+万千朱，通党采用工业型燃气轮机和航空改型燃气轮机作为动力源,"燃气轮机 (南京燃气轮机研究所编) (z-library.sk, 1lib.sk, z-lib.sk).pdf",13,04_燃气轮机_南京燃气轮机研究所编-p0013-s15,0.78,parameter_term_or_value,low
FBKG-0201,燃气轮机,Equipment,IMPROVED_BY,联合循环,Method,第二章“燃气-蒸汽联合循环一、引言燃气-蒸汽联合循环〈以下简称联合循环)，是指蒸汽轮机循环〈Rankine循环)和燃气轮机循环(Brayton循环)的组合，因此，联合循环就是取燃气轮机循环的高温吸热和蒸汽轮机循环的低温放热之长，从而大大提高循环效率，即提高能源利用率,"燃气轮机 (南京燃气轮机研究所编) (z-library.sk, 1lib.sk, z-lib.sk).pdf",16,04_燃气轮机_南京燃气轮机研究所编-p0016-s00,0.8,method_with_improve_or_reduce_trigger,low
FBKG-0202,涡轮,Equipment,USES_FUEL,气体燃料,Fuel,0 MAURIE RADAR(33版因此，第10章首先介绍了用于燃气涡轮发动机的传统液体与气体燃料(石油基)的物理与化学特性,"燃气涡轮发动机燃烧 第3版 (（英）A.H.勒菲沃（Arthur etc.) (z-library.sk, 1lib.sk, z-lib.sk).pdf",13,01_燃气涡轮发动机燃烧_第3版-p0013-s00,0.81,fuel_term_with_use_trigger,low
FBKG-0203,涡轮,Component,HAS_FUNCTION,燃气涡轮发动机的传统液体与气体燃料(石油基)的物理与化学特性,Property,0 MAURIE RADAR(33版因此，第10章首先介绍了用于燃气涡轮发动机的传统液体与气体燃料(石油基)的物理与化学特性,"燃气涡轮发动机燃烧 第3版 (（英）A.H.勒菲沃（Arthur etc.) (z-library.sk, 1lib.sk, z-lib.sk).pdf",13,01_燃气涡轮发动机燃烧_第3版-p0013-s00,0.74,function_marker_用于,low
FBKG-0204,燃烧室,Equipment,HAS_PROBLEM,熄火,Problem,对军用发动机，要求在发射导弹时燃烧室吸和导弹燃烧尾气而不熄火，通常由模拟试验来检查,"先进燃气轮机燃烧室=ADVANCED GAS TURBINE COMBUSTOR (金如山，索建秦著) (z-library.sk, 1lib.sk, z-lib.sk).pdf",20,02_先进燃气轮机燃烧室-p0020-s15,0.75,problem_term_in_context,low
FBKG-0205,燃气轮机,Equipment,USES_FUEL,天然气,Fuel,英国J.B燃气轮机工程公司对燃气轮机初温为1000C的联合循环〈以油和天然气为燃料)在能源的利用方面作过如下分析:(1)简单循环的燃气轮机发电厂，燃料能量中30%%转换为电力，其中70%为热损失,"燃气轮机 (南京燃气轮机研究所编) (z-library.sk, 1lib.sk, z-lib.sk).pdf",16,04_燃气轮机_南京燃气轮机研究所编-p0016-s01,0.83,fuel_term_with_use_trigger,low
FBKG-0206,燃烧室,Equipment,HAS_PARAMETER,排放,Parameter,其次，评价了替代洪料〔(合成)和传统替代混合燃料的特性，描述了这些不同的燃料及其混合物对燃烧室性能、设计和排放的影响，并作为飞行器燃料的特殊需求和工业燃气涡轮发动机抑料上过到问题的参考按照不背离第1版和第2版中高度成熟的原则，我将相关素材更新到2009年,"燃气涡轮发动机燃烧 第3版 (（英）A.H.勒菲沃（Arthur etc.) (z-library.sk, 1lib.sk, z-lib.sk).pdf",13,01_燃气涡轮发动机燃烧_第3版-p0013-s01,0.76,parameter_term_or_value,low
FBKG-0207,燃烧室,Equipment,HAS_PROBLEM,排放,Problem,其次，评价了替代洪料〔(合成)和传统替代混合燃料的特性，描述了这些不同的燃料及其混合物对燃烧室性能、设计和排放的影响，并作为飞行器燃料的特殊需求和工业燃气涡轮发动机抑料上过到问题的参考按照不背离第1版和第2版中高度成熟的原则，我将相关素材更新到2009年,"燃气涡轮发动机燃烧 第3版 (（英）A.H.勒菲沃（Arthur etc.) (z-library.sk, 1lib.sk, z-lib.sk).pdf",13,01_燃气涡轮发动机燃烧_第3版-p0013-s01,0.75,problem_term_in_context,low
FBKG-0208,燃烧室,Equipment,HAS_PARAMETER,排放,Parameter,我希望第3版能够很好地被燃气涡轮发动机燃烧室、燃料和排放方面的研究团体所接受,"燃气涡轮发动机燃烧 第3版 (（英）A.H.勒菲沃（Arthur etc.) (z-library.sk, 1lib.sk, z-lib.sk).pdf",13,01_燃气涡轮发动机燃烧_第3版-p0013-s02,0.76,parameter_term_or_value,low
FBKG-0209,燃烧室,Equipment,HAS_PROBLEM,排放,Problem,我希望第3版能够很好地被燃气涡轮发动机燃烧室、燃料和排放方面的研究团体所接受,"燃气涡轮发动机燃烧 第3版 (（英）A.H.勒菲沃（Arthur etc.) (z-library.sk, 1lib.sk, z-lib.sk).pdf",13,01_燃气涡轮发动机燃烧_第3版-p0013-s02,0.75,problem_term_in_context,low
FBKG-0210,透平,Component,IMPROVED_BY,空气冷却,Method,"图中的透平叶片冷却是指将透平叶片设计成内部有冷却空气流道的“空心?叶片,用空气冷却来降低叶片的工作温度使之在更高的燃气初温下运行,详见6.3","燃气轮机原理、结构与应用 上 (沈阳黎明航空发动机（集团）有限责任公司编著) (z-library.sk, 1lib.sk, z-lib.sk).pdf",19,03_燃气轮机原理结构与应用_上-p0019-s07,0.72,method_with_improve_or_reduce_trigger,high
FBKG-0211,透平,Component,IMPROVED_BY,冷却,Method,"图中的透平叶片冷却是指将透平叶片设计成内部有冷却空气流道的“空心?叶片,用空气冷却来降低叶片的工作温度使之在更高的燃气初温下运行,详见6.3","燃气轮机原理、结构与应用 上 (沈阳黎明航空发动机（集团）有限责任公司编著) (z-library.sk, 1lib.sk, z-lib.sk).pdf",19,03_燃气轮机原理结构与应用_上-p0019-s07,0.72,method_with_improve_or_reduce_trigger,high
FBKG-0212,燃气轮机,Equipment,HAS_PARAMETER,寿命,Parameter,(10)燃烧富寿命以大修之间的循环数(或小时)来表征,"先进燃气轮机燃烧室=ADVANCED GAS TURBINE COMBUSTOR (金如山，索建秦著) (z-library.sk, 1lib.sk, z-lib.sk).pdf",21,02_先进燃气轮机燃烧室-p0021-s09,0.75,parameter_term_or_value,low
FBKG-0213,透平,Component,IMPROVED_BY,冷却,Method,"从图看出,当在20世纪60年代透平采用叶片冷却后号出现了跳跃,相应地因也出现了跳跃,说明透平采用叶片冷却对提高机组效率是十分有效的","燃气轮机原理、结构与应用 上 (沈阳黎明航空发动机（集团）有限责任公司编著) (z-library.sk, 1lib.sk, z-lib.sk).pdf",19,03_燃气轮机原理结构与应用_上-p0019-s08,0.72,method_with_improve_or_reduce_trigger,high
FBKG-0214,工业燃气轮机,Equipment,HAS_PARAMETER,寿命 = 2000,Parameter,"对军用航室发动机颂烧室，亦希望大修寿命在2000h以Es对工业燃气轮机，要求达到30000h,,CL)am BL AE ABERS AMIE AMAR OAL,AR HEREC Ac FO BLL TAF MOT,1.5”航空燃气轮机主燃烧室的发展就20世纪后几十年而言，燃烧室技术的发展已有论述","先进燃气轮机燃烧室=ADVANCED GAS TURBINE COMBUSTOR (金如山，索建秦著) (z-library.sk, 1lib.sk, z-lib.sk).pdf",21,02_先进燃气轮机燃烧室-p0021-s11,0.75,parameter_term_or_value,low
FBKG-0215,透平,Equipment,HAS_COMPONENT,叶片,Component,"以透平采用叶片冷却前后为分界线,在这之前蕊的逐年提高仅由研制新的叶片用高温材料来实现,在这之后好的逐年提高则是由研制新的高温材料与改进叶片冷却技术两者共同来实现","燃气轮机原理、结构与应用 上 (沈阳黎明航空发动机（集团）有限责任公司编著) (z-library.sk, 1lib.sk, z-lib.sk).pdf",19,03_燃气轮机原理结构与应用_上-p0019-s09,0.73,component_cooccurs_with_structure_trigger,high
FBKG-0216,透平,Component,IMPROVED_BY,冷却,Method,"以透平采用叶片冷却前后为分界线,在这之前蕊的逐年提高仅由研制新的叶片用高温材料来实现,在这之后好的逐年提高则是由研制新的高温材料与改进叶片冷却技术两者共同来实现","燃气轮机原理、结构与应用 上 (沈阳黎明航空发动机（集团）有限责任公司编著) (z-library.sk, 1lib.sk, z-lib.sk).pdf",19,03_燃气轮机原理结构与应用_上-p0019-s09,0.72,method_with_improve_or_reduce_trigger,high
FBKG-0217,工业燃气轮机,Equipment,HAS_PROBLEM,污染,Problem,当今燃伐室的发展可归纳如下:《1)对民航发动机和工业燃气轮机燃烧室，以低污染燃烧的发展为主，同时要减少燃油【或燃料)消耗,"先进燃气轮机燃烧室=ADVANCED GAS TURBINE COMBUSTOR (金如山，索建秦著) (z-library.sk, 1lib.sk, z-lib.sk).pdf",21,02_先进燃气轮机燃烧室-p0021-s12,0.74,problem_term_in_context,low
FBKG-0218,工业燃气轮机,Equipment,IMPROVED_BY,低污染燃烧,Method,当今燃伐室的发展可归纳如下:《1)对民航发动机和工业燃气轮机燃烧室，以低污染燃烧的发展为主，同时要减少燃油【或燃料)消耗,"先进燃气轮机燃烧室=ADVANCED GAS TURBINE COMBUSTOR (金如山，索建秦著) (z-library.sk, 1lib.sk, z-lib.sk).pdf",21,02_先进燃气轮机燃烧室-p0021-s12,0.76,method_with_improve_or_reduce_trigger,low
FBKG-0219,燃气轮机,Equipment,USES_FUEL,天然气,Fuel,"其次由于主要燃用天然气还可以减小温室气体CO,的排放","燃气轮机原理、结构与应用 上 (沈阳黎明航空发动机（集团）有限责任公司编著) (z-library.sk, 1lib.sk, z-lib.sk).pdf",19,03_燃气轮机原理结构与应用_上-p0019-s10,0.75,fuel_term_with_use_trigger,high
FBKG-0220,燃气轮机,Equipment,HAS_PARAMETER,CO,Parameter,"其次由于主要燃用天然气还可以减小温室气体CO,的排放","燃气轮机原理、结构与应用 上 (沈阳黎明航空发动机（集团）有限责任公司编著) (z-library.sk, 1lib.sk, z-lib.sk).pdf",19,03_燃气轮机原理结构与应用_上-p0019-s10,0.7,parameter_term_or_value,high
FBKG-0221,燃气轮机,Equipment,HAS_PARAMETER,排放,Parameter,"其次由于主要燃用天然气还可以减小温室气体CO,的排放","燃气轮机原理、结构与应用 上 (沈阳黎明航空发动机（集团）有限责任公司编著) (z-library.sk, 1lib.sk, z-lib.sk).pdf",19,03_燃气轮机原理结构与应用_上-p0019-s10,0.7,parameter_term_or_value,high
FBKG-0222,燃烧过程,Equipment,HAS_PROBLEM,排放,Problem,"其次由于主要燃用天然气还可以减小温室气体CO,的排放","燃气轮机原理、结构与应用 上 (沈阳黎明航空发动机（集团）有限责任公司编著) (z-library.sk, 1lib.sk, z-lib.sk).pdf",19,03_燃气轮机原理结构与应用_上-p0019-s10,0.7,problem_term_in_context,high
FBKG-0223,联合循环,Equipment,HAS_PARAMETER,功率,Parameter,与同功率蒸汽动力厂相比，投资可减少30~50%，建设周期可缩短20%%，用水量可减少1/2到2/3，占地面积和对大气的污染都有减少，所以近一、二十年联合循环在国外得到了普遍采用,"燃气轮机 (南京燃气轮机研究所编) (z-library.sk, 1lib.sk, z-lib.sk).pdf",16,04_燃气轮机_南京燃气轮机研究所编-p0016-s07,0.78,parameter_term_or_value,low
FBKG-0224,联合循环,Equipment,HAS_PROBLEM,污染,Problem,与同功率蒸汽动力厂相比，投资可减少30~50%，建设周期可缩短20%%，用水量可减少1/2到2/3，占地面积和对大气的污染都有减少，所以近一、二十年联合循环在国外得到了普遍采用,"燃气轮机 (南京燃气轮机研究所编) (z-library.sk, 1lib.sk, z-lib.sk).pdf",16,04_燃气轮机_南京燃气轮机研究所编-p0016-s07,0.78,problem_term_in_context,low
FBKG-0225,功率,Parameter,IMPROVED_BY,联合循环,Method,与同功率蒸汽动力厂相比，投资可减少30~50%，建设周期可缩短20%%，用水量可减少1/2到2/3，占地面积和对大气的污染都有减少，所以近一、二十年联合循环在国外得到了普遍采用,"燃气轮机 (南京燃气轮机研究所编) (z-library.sk, 1lib.sk, z-lib.sk).pdf",16,04_燃气轮机_南京燃气轮机研究所编-p0016-s07,0.8,method_with_improve_or_reduce_trigger,low
FBKG-0226,联合循环,Method,RELATED_TO,联合循环 / 功率,Method,与同功率蒸汽动力厂相比，投资可减少30~50%，建设周期可缩短20%%，用水量可减少1/2到2/3，占地面积和对大气的污染都有减少，所以近一、二十年联合循环在国外得到了普遍采用,"燃气轮机 (南京燃气轮机研究所编) (z-library.sk, 1lib.sk, z-lib.sk).pdf",16,04_燃气轮机_南京燃气轮机研究所编-p0016-s07,0.67,three_way_domain_cooccurrence,low
FBKG-0227,燃烧室,Component,HAS_SUBTYPE,概括地讨论航空,Concept,第1章基本概念11绪论编写本绪论的主要目的是探讨焕气涡轮发动机燃烧室的主要设计要求，以及概括地讨论航空和工业燃气渴轮发动机上使用的不同类型和结构的燃烧室,"燃气涡轮发动机燃烧 第3版 (（英）A.H.勒菲沃（Arthur etc.) (z-library.sk, 1lib.sk, z-lib.sk).pdf",20,01_燃气涡轮发动机燃烧_第3版-p0020-s00,0.73,subtype_split_marker,low
FBKG-0228,燃烧室,Component,HAS_SUBTYPE,工业燃气渴轮发动机上使用的不同类型,Concept,第1章基本概念11绪论编写本绪论的主要目的是探讨焕气涡轮发动机燃烧室的主要设计要求，以及概括地讨论航空和工业燃气渴轮发动机上使用的不同类型和结构的燃烧室,"燃气涡轮发动机燃烧 第3版 (（英）A.H.勒菲沃（Arthur etc.) (z-library.sk, 1lib.sk, z-lib.sk).pdf",20,01_燃气涡轮发动机燃烧_第3版-p0020-s00,0.73,subtype_split_marker,low
FBKG-0229,燃烧室,Component,HAS_SUBTYPE,结构的燃烧室,Method,第1章基本概念11绪论编写本绪论的主要目的是探讨焕气涡轮发动机燃烧室的主要设计要求，以及概括地讨论航空和工业燃气渴轮发动机上使用的不同类型和结构的燃烧室,"燃气涡轮发动机燃烧 第3版 (（英）A.H.勒菲沃（Arthur etc.) (z-library.sk, 1lib.sk, z-lib.sk).pdf",20,01_燃气涡轮发动机燃烧_第3版-p0020-s00,0.73,subtype_split_marker,low
FBKG-0230,燃烧过程,Equipment,HAS_PROBLEM,污染,Problem,值得说明的是，减少燃油〈或燃料)消耗亦大大有利于减少污染,"先进燃气轮机燃烧室=ADVANCED GAS TURBINE COMBUSTOR (金如山，索建秦著) (z-library.sk, 1lib.sk, z-lib.sk).pdf",21,02_先进燃气轮机燃烧室-p0021-s13,0.74,problem_term_in_context,low
FBKG-0231,燃气轮机,Equipment,HAS_PARAMETER,功率 = 480MW,Parameter,"目前,功率为480MW的、燃气轮机中透平叶片采用蒜汽冷却的联合循环即将投运,其效率可达60%","燃气轮机原理、结构与应用 上 (沈阳黎明航空发动机（集团）有限责任公司编著) (z-library.sk, 1lib.sk, z-lib.sk).pdf",19,03_燃气轮机原理结构与应用_上-p0019-s11,0.7,parameter_term_or_value,high
FBKG-0232,燃气轮机,Equipment,RELATED_TO,联合循环 / 功率,Method,"目前,功率为480MW的、燃气轮机中透平叶片采用蒜汽冷却的联合循环即将投运,其效率可达60%","燃气轮机原理、结构与应用 上 (沈阳黎明航空发动机（集团）有限责任公司编著) (z-library.sk, 1lib.sk, z-lib.sk).pdf",19,03_燃气轮机原理结构与应用_上-p0019-s11,0.59,three_way_domain_cooccurrence,high
FBKG-0233,联合循环,Equipment,USES_FUEL,天然气,Fuel,"联合循环用在改造老的蒸汽轮机电站，扩大动力,提高热能利用率,对于燃料为天然气或轻柴油的发电厂最有利","燃气轮机 (南京燃气轮机研究所编) (z-library.sk, 1lib.sk, z-lib.sk).pdf",16,04_燃气轮机_南京燃气轮机研究所编-p0016-s09,0.83,fuel_term_with_use_trigger,low
FBKG-0234,联合循环,Equipment,USES_FUEL,柴油,Fuel,"联合循环用在改造老的蒸汽轮机电站，扩大动力,提高热能利用率,对于燃料为天然气或轻柴油的发电厂最有利","燃气轮机 (南京燃气轮机研究所编) (z-library.sk, 1lib.sk, z-lib.sk).pdf",16,04_燃气轮机_南京燃气轮机研究所编-p0016-s09,0.83,fuel_term_with_use_trigger,low
FBKG-0235,燃气轮机,Equipment,HAS_PARAMETER,CO,Parameter,减少CO排放，也基本上车降低构油《或顽料)消耗来实现,"先进燃气轮机燃烧室=ADVANCED GAS TURBINE COMBUSTOR (金如山，索建秦著) (z-library.sk, 1lib.sk, z-lib.sk).pdf",21,02_先进燃气轮机燃烧室-p0021-s14,0.75,parameter_term_or_value,low
FBKG-0236,燃气轮机,Equipment,HAS_PARAMETER,排放,Parameter,减少CO排放，也基本上车降低构油《或顽料)消耗来实现,"先进燃气轮机燃烧室=ADVANCED GAS TURBINE COMBUSTOR (金如山，索建秦著) (z-library.sk, 1lib.sk, z-lib.sk).pdf",21,02_先进燃气轮机燃烧室-p0021-s14,0.75,parameter_term_or_value,low
FBKG-0237,燃烧过程,Equipment,HAS_PROBLEM,排放,Problem,减少CO排放，也基本上车降低构油《或顽料)消耗来实现,"先进燃气轮机燃烧室=ADVANCED GAS TURBINE COMBUSTOR (金如山，索建秦著) (z-library.sk, 1lib.sk, z-lib.sk).pdf",21,02_先进燃气轮机燃烧室-p0021-s14,0.74,problem_term_in_context,low
FBKG-0238,联合循环,Equipment,USES_FUEL,天然气,Fuel,直至现在，联合循环主要还以天然气，轻柴油或重油为燃料,"燃气轮机 (南京燃气轮机研究所编) (z-library.sk, 1lib.sk, z-lib.sk).pdf",16,04_燃气轮机_南京燃气轮机研究所编-p0016-s11,0.83,fuel_term_with_use_trigger,low
FBKG-0239,联合循环,Equipment,USES_FUEL,柴油,Fuel,直至现在，联合循环主要还以天然气，轻柴油或重油为燃料,"燃气轮机 (南京燃气轮机研究所编) (z-library.sk, 1lib.sk, z-lib.sk).pdf",16,04_燃气轮机_南京燃气轮机研究所编-p0016-s11,0.83,fuel_term_with_use_trigger,low
FBKG-0240,联合循环,Equipment,USES_FUEL,重油,Fuel,直至现在，联合循环主要还以天然气，轻柴油或重油为燃料,"燃气轮机 (南京燃气轮机研究所编) (z-library.sk, 1lib.sk, z-lib.sk).pdf",16,04_燃气轮机_南京燃气轮机研究所编-p0016-s11,0.83,fuel_term_with_use_trigger,low
